,_,date,edit_date,edit_hide,entities,forwards,from_id,from_scheduled,fwd_from,grouped_id,id,legacy,media,media_unread,mentioned,message,out,peer_id,pinned,post,post_author,replies,reply_markup,reply_to,restriction_reason,silent,via_bot_id,views,action
0,Message,2021-01-12 23:59:00+00:00,,0.0,[],0.0,,0.0,,,52.0,0.0,,0.0,0.0,So how's the weather?,0.0,"{'_': 'PeerChannel', 'channel_id': 1179904205}",0.0,1.0,,,,,[],0.0,,598.0,
1,MessageService,2021-01-12 22:05:06+00:00,,,,,,,,,51.0,0.0,,0.0,0.0,,0.0,"{'_': 'PeerChannel', 'channel_id': 1179904205}",,1.0,,,,,,0.0,,,"{'_': 'MessageActionChatEditPhoto', 'photo': {'_': 'Photo', 'id': 5184018766449715404, 'access_hash': 6049448297141474612, 'file_reference': b'\x02FS\xe8\xcd\x00\x00\x003_\xfe\x9b\xfd\xf9\xefI\xdd\x80\xf3\x9a\x01\x81\x8b\xdd\x9d\xdfj\xec\xab', 'date': datetime.datetime(2021, 1, 12, 22, 5, 5, tzinfo=datetime.timezone.utc), 'sizes': [{'_': 'PhotoSize', 'type': 'a', 'location': {'_': 'FileLocationToBeDeprecated', 'volume_id': 100033500185, 'local_id': 101982}, 'w': 160, 'h': 160, 'size': 10245}, {'_': 'PhotoSize', 'type': 'b', 'location': {'_': 'FileLocationToBeDeprecated', 'volume_id': 100033500185, 'local_id': 101983}, 'w': 320, 'h': 320, 'size': 27617}, {'_': 'PhotoSize', 'type': 'c', 'location': {'_': 'FileLocationToBeDeprecated', 'volume_id': 100033500185, 'local_id': 101984}, 'w': 640, 'h': 640, 'size': 63651}, {'_': 'PhotoStrippedSize', 'type': 'i', 'bytes': b'\x01((\xc5\xa9\x97n\xd0;RJ\xc9\x85TM\xb8\x1c\x9e\xe4\xd3\xa1S#\xaa(\xc9\'\x02\x80\x1f\xe5\xa08$\xd2H\x827*G""\xb5$\xd3\xdeFR\xc1\x14\xe3i\x0b\xdb\xd2\xa9\xeaI*J\x1a@\xa0\x91\xd5z\x1a\x00\xa0\xe0\x068\xe9EJ\xbeS\xc6\xcaT\x893\xf2\xb0?\xa1\xa2\x80\x190""V\x07\xd6\x88\xa5x\\2\x1c\x11W\xa6\xb7Y\x86\xe4`O\xa89\xa7\x8b8a\x8a5r\x0c\xcf\xcb\x13\xd1E7\xa1V\xd4\xb3\x1e\xa0\x92[\xf9\xb2G\x86\x19\xc8\x07\xefV]\xdd\xec\x97O\x93\x85A\xd1Gj\xd3kH\x04 \x89\xd7w\xa9\xe8j\xbf\xf6zKg$\xab\xfe\xb0\x1e=0*A\xa2\x85\xb2\xee\x98\x0e\xd8\xe6\x8a\xbd\x05\xb7\x923\x9f\x98\xf7\xa2\xad!\xa4A\xa5\xc6\xf2\xde\xaa\xa9!G-\xf4\xab\x17\r\xfb\xf9\x06w|\xc7\x91E\x15\x0ct\xf7\x18\xac\x07Z\xb1\xa7\xdc\x83p\xd6\xe7\xa3\x03E\x14\x0el\xcc\xba\x12\xa5\xcb\xac\xa4\x97S\x8a(\xa2\x99\x91'}], 'dc_id': 1, 'has_stickers': False, 'video_sizes': []}}"
2,MessageService,2021-01-12 22:04:58+00:00,,,,,,,,,50.0,0.0,,0.0,0.0,,0.0,"{'_': 'PeerChannel', 'channel_id': 1179904205}",,1.0,,,,,,0.0,,,"{'_': 'MessageActionChatEditTitle', 'title': 'Corona Chan News'}"
3,MessageService,2021-01-12 22:04:49+00:00,,,,,,,,,49.0,0.0,,0.0,0.0,,0.0,"{'_': 'PeerChannel', 'channel_id': 1179904205}",,1.0,,,,,,0.0,,,"{'_': 'MessageActionChatEditPhoto', 'photo': {'_': 'Photo', 'id': 5183822542278863124, 'access_hash': -4752377213150547286, 'file_reference': b'\x02FS\xe8\xcd\x00\x00\x001_\xfe\x9b\xfdO\xb7\xd0\x8c\xcaa$h\xae\x99!\tc\xcbJ`', 'date': datetime.datetime(2021, 1, 12, 22, 4, 49, tzinfo=datetime.timezone.utc), 'sizes': [{'_': 'PhotoSize', 'type': 'a', 'location': {'_': 'FileLocationToBeDeprecated', 'volume_id': 100038800322, 'local_id': 33496}, 'w': 160, 'h': 160, 'size': 10709}, {'_': 'PhotoSize', 'type': 'b', 'location': {'_': 'FileLocationToBeDeprecated', 'volume_id': 100038800322, 'local_id': 33497}, 'w': 320, 'h': 320, 'size': 32875}, {'_': 'PhotoSize', 'type': 'c', 'location': {'_': 'FileLocationToBeDeprecated', 'volume_id': 100038800322, 'local_id': 33498}, 'w': 640, 'h': 640, 'size': 71573}, {'_': 'PhotoStrippedSize', 'type': 'i', 'bytes': b""\x01((\xa0\x13\x9aR\xa1T\xb6:{\xd2\xe3\x9a8\xc7\xb1\xebY\x1d\xce\xc9\x11yny\xcf\xe3R*\x87@OZ\xb4\xb0\xb7\xd9\xbc\x9d\xfc\xb7\xce>^q\x8fZ\xac\xbf(\xf6\xec*\x99\x8d5g\xa8\xcd\x83<\x13E<\n*M\xac\x85a\x83@\x198\xa5'#\xa54\x9c\x0c\x9a\x01\x96\x81>P\xf9\x8eH\xcf^zu\xfaUR1\x8fz\xb6\xacN\x9b\xbd@\xcf\x94\xdd\x7f\xde\x02\xa9#\x06PqT\xcc`\xd5\xc7\x0e\xb4R\xafN\x94T\x9b\nEG*\xfc\x84QE2^\xc4\x8b.,\x8cy\xf5\x1d{d\x1f\xe9U\xcf\x01Tz\xd1EQ\x8aD\xfc\xd1E\x15&\xe7""}], 'dc_id': 1, 'has_stickers': False, 'video_sizes': []}}"
4,MessageService,2021-01-12 22:04:40+00:00,,,,,,,,,48.0,0.0,,0.0,0.0,,0.0,"{'_': 'PeerChannel', 'channel_id': 1179904205}",,1.0,,,,,,0.0,,,{'_': 'MessageActionChatDeletePhoto'}
5,Message,2021-01-12 19:21:45+00:00,,0.0,"[{'_': 'MessageEntityMention', 'offset': 42, 'length': 8}, {'_': 'MessageEntityTextUrl', 'offset': 198, 'length': 8, 'url': 'https://t.me/HateLab'}]",6.0,,0.0,"{'_': 'MessageFwdHeader', 'date': datetime.datetime(2021, 1, 12, 19, 16, 3, tzinfo=datetime.timezone.utc), 'from_id': {'_': 'PeerChannel', 'channel_id': 1182851985}, 'from_name': None, 'channel_post': 33882, 'post_author': None, 'saved_from_peer': None, 'saved_from_msg_id': None, 'psa_type': None}",,47.0,0.0,"{'_': 'MessageMediaWebPage', 'webpage': {'_': 'WebPageEmpty', 'id': 9170793120897316110}}",0.0,0.0,"FORWARD NOW! The purge of Telegram begins @HateLab was just shut down for being too effective. You may want to start backing up everything you want to keep onto new channels and to your hard drive. Press F

This is why you should try to forward posts from other channels rather than steal or only post OC. We can survive the censorship only by ensuring our subs are also subbed to our frens channels. Forward each others' posts!",0.0,"{'_': 'PeerChannel', 'channel_id': 1179904205}",0.0,1.0,,,,,[],0.0,,253.0,
6,Message,2021-01-10 20:48:35+00:00,,0.0,"[{'_': 'MessageEntityTextUrl', 'offset': 2, 'length': 4, 'url': 'https://t.me/American3thirdpositionchat'}, {'_': 'MessageEntityMention', 'offset': 7, 'length': 27}, {'_': 'MessageEntityMention', 'offset': 268, 'length': 15}, {'_': 'MessageEntityTextUrl', 'offset': 331, 'length': 23, 'url': 'https://www.youtube.com/watch?v=ib-baAQgR8s'}]",2.0,,0.0,"{'_': 'MessageFwdHeader', 'date': datetime.datetime(2021, 1, 10, 20, 43, 14, tzinfo=datetime.timezone.utc), 'from_id': {'_': 'PeerChannel', 'channel_id': 1182851985}, 'from_name': None, 'channel_post': 33547, 'post_author': None, 'saved_from_peer': None, 'saved_from_msg_id': None, 'psa_type': None}",,45.0,0.0,"{'_': 'MessageMediaWebPage', 'webpage': {'_': 'WebPage', 'id': 9170793122032073229, 'url': 'https://t.me/American3thirdpositionchat', 'display_url': 't.me/American3thirdpositionchat', 'hash': 0, 'type': 'telegram_megagroup', 'site_name': 'Telegram', 'title': 'American Third Position chat', 'description': 'Internet chat for American Third position https://linktr.ee/a3p', 'photo': {'_': 'Photo', 'id': 5920134547045987729, 'access_hash': 5897061898197230039, 'file_reference': b'\x00_\xfe\x9b\xfdy\xac\x1d\xa3Re\xed\x8c\x88\x0f8m\xa5~Q!', 'date': datetime.datetime(2020, 11, 30, 14, 54, 29, tzinfo=datetime.timezone.utc), 'sizes': [{'_': 'PhotoSize', 'type': 'a', 'location': {'_': 'FileLocationToBeDeprecated', 'volume_id': 400097000020, 'local_id': 185292}, 'w': 160, 'h': 160, 'size': 11621}, {'_': 'PhotoSize', 'type': 'b', 'location': {'_': 'FileLocationToBeDeprecated', 'volume_id': 400097000020, 'local_id': 185293}, 'w': 320, 'h': 320, 'size': 34755}, {'_': 'PhotoSize', 'type': 'c', 'location': {'_': 'FileLocationToBeDeprecated', 'volume_id': 400097000020, 'local_id': 185294}, 'w': 640, 'h': 640, 'size': 89384}, {'_': 'PhotoStrippedSize', 'type': 'i', 'bytes': b'\x01((\xcfU.\xc1Td\x9e\x82\x9f,\x12C\x8d\xeb\x8c\xf4\xe6\xadi\xc9\x9d\xef\x8fE\x15jx\x04\xd1\xecn\x08\xe4\x1a%R\xd2\xb0\x94/\x1b\x99\x86\xdeE\x8b\xcd+\xf2\xfdi""\x86I\x89\xd8\xb9\xc7Z\xd0\x10\x11d`\xc8\xc9\xea}\xe9\xf6\xf0\x08c\xda9\'\x92i{]\x07\xec\xf52]Y\x18\xab\x0c\x11\xda\x8a\xbb\xa8\xa6\x02>9\xc9SEi\x17\xcc\xaeg%gat\xceVQ\xf45wp,F\xef\x98v\xaa\x1as\xaa\x19K\x1c\r\xa0\xe6\xa7\xb7\xb8\x8eG\'\xa3\xb7|v\xec+\x19\xafy\xb3h=\x11c\xbeq\xcd\x1b\x80 \x16\xc3\x1e\x82\x8e6\xee\xcf\x19\xebU\xeeg\x8e7\x07\xac\x8b\xc88\xed\xe9Y\xa5r\xdb\xb1\x1e\xa5\xc4q\x0fsE3Quq\tS\x90A4WM=""s\xcf\xe2)T\x91O$@\x848\x06\x8a*\xda\xb9)\xd8\xb45\x01\xe4m\xf2\xfeo\xd2\xabK<\x92\xa8W9\x02\x8a*TR\xd8\xa7&\xc8\xa8\xa2\x8a\xa2\x0f'}], 'dc_id': 4, 'has_stickers': False, 'video_sizes': []}, 'embed_url': None, 'embed_type': None, 'embed_width': None, 'embed_height': None, 'duration': None, 'author': None, 'document': None, 'cached_page': None, 'attributes': []}}",0.0,0.0,"üö®RAID @American3thirdpositionchat üö®
That chat belongs to CivNat race traitor cuck Angelo John Gage who has turned to fighting White Supremacy. He's against racial separation and is striving instead for ""unity"" with our racial enemies. If you get banned send him DMs @AngeloJohnGage so he feels not welcome here.

Also report his new derad YouTube video saying he's disavowing his White Nationalist past saying ""he learned that he was wrong"" for holding such views. We need him wiped off social media while the purges are happening.

Angelo in this new video also forgives his mudshark sister, he bashes on using racial slurs, he bashes SIEGE and other militant White books that jews hate and try to get banned. 

Angelo is trying to get Whites killed. He wants to deradicalize them so they make peace with niggers and shitskins at a time like this when we need to amplify racialism more than ever. No race traitor deradicalizers should be allowed room on Telegram.",0.0,"{'_': 'PeerChannel', 'channel_id': 1179904205}",0.0,1.0,,,,,[],0.0,,563.0,
7,Message,2021-01-07 09:03:28+00:00,,0.0,"[{'_': 'MessageEntityTextUrl', 'offset': 0, 'length': 31, 'url': 'https://twitter.com/DanScavino/status/1347103015493361664'}]",5.0,,0.0,"{'_': 'MessageFwdHeader', 'date': datetime.datetime(2021, 1, 7, 8, 59, 8, tzinfo=datetime.timezone.utc), 'from_id': {'_': 'PeerChannel', 'channel_id': 1182851985}, 'from_name': None, 'channel_post': 33002, 'post_author': None, 'saved_from_peer': None, 'saved_from_msg_id': None, 'psa_type': None}",,44.0,0.0,"{'_': 'MessageMediaPhoto', 'photo': {'_': 'Photo', 'id': 5168005990203894024, 'access_hash': 8446121278783957038, 'file_reference': b'\x02FS\xe8\xcd\x00\x00\x00,_\xfe\x9b\xfd?e\x07xd\x8f\x12f\x9e\xf7\xd2\xa0{\x8e\xe9t', 'date': datetime.datetime(2021, 1, 7, 8, 59, 8, tzinfo=datetime.timezone.utc), 'sizes': [{'_': 'PhotoStrippedSize', 'type': 'i', 'bytes': b""\x01(\x1b\xd1X\x02<\x8f\xbd\x8e\xf6\xce\x0f S\xb6\x8e\xc7\xff\x00\x1d5#\x8c\x8e=i\x85\x0f\xa0\xfc\xe8\x01A\x039'\xfe\xf9\xa9\x07N\xf5\x10C\x9ejP\x08\x1dh\x02\xbaF\xc9$\x85\xa5f\x0cr\x06\x0f\xcbR\x8cz\x9f\xd6\x98A\xc9\xe0u\xf4\xff\x00\xebQ\x83\x9e\x14~_\xfdj\x00\x93x\xf7\xfc\xa9\xd5\x0e\x0f\xf7@\xfa\x0f\xfe\xb5J3\x8eq\x9a\x00f\xd5\xc9\xe0~T\x04OA\xc7\xb5\x14P\x02\xa8T<q\x9fj}\x14P\x07""}, {'_': 'PhotoSize', 'type': 'm', 'location': {'_': 'FileLocationToBeDeprecated', 'volume_id': 100038800506, 'local_id': 24082}, 'w': 214, 'h': 320, 'size': 26005}, {'_': 'PhotoSize', 'type': 'x', 'location': {'_': 'FileLocationToBeDeprecated', 'volume_id': 100038800506, 'local_id': 24083}, 'w': 534, 'h': 800, 'size': 103457}, {'_': 'PhotoSize', 'type': 'y', 'location': {'_': 'FileLocationToBeDeprecated', 'volume_id': 100038800506, 'local_id': 24080}, 'w': 855, 'h': 1280, 'size': 150814}], 'dc_id': 1, 'has_stickers': False, 'video_sizes': []}, 'ttl_seconds': None}",0.0,0.0,"Trump concedes to Biden tonight through his social media manager Dan Scavino since he's been banned from social media üì± His single term presidency is now officially over and will transition on January 20, 2021",0.0,"{'_': 'PeerChannel', 'channel_id': 1179904205}",0.0,1.0,,,,,[],0.0,,653.0,
8,Message,2021-01-07 02:37:52+00:00,,0.0,"[{'_': 'MessageEntityTextUrl', 'offset': 0, 'length': 36, 'url': 'https://t.me/CoronaChanNews/32887'}, {'_': 'MessageEntityTextUrl', 'offset': 74, 'length': 32, 'url': 'https://t.me/CoronaChanNews/32915'}, {'_': 'MessageEntityItalic', 'offset': 533, 'length': 347}, {'_': 'MessageEntityBold', 'offset': 880, 'length': 81}, {'_': 'MessageEntityItalic', 'offset': 961, 'length': 584}]",4.0,,0.0,"{'_': 'MessageFwdHeader', 'date': datetime.datetime(2021, 1, 7, 2, 30, 30, tzinfo=datetime.timezone.utc), 'from_id': {'_': 'PeerChannel', 'channel_id': 1182851985}, 'from_name': None, 'channel_post': 32917, 'post_author': None, 'saved_from_peer': None, 'saved_from_msg_id': None, 'psa_type': None}",,43.0,0.0,"{'_': 'MessageMediaWebPage', 'webpage': {'_': 'WebPage', 'id': 9170793121334576697, 'url': 'https://t.me/CoronaChanNews/32887', 'display_url': 't.me/CoronaChanNews/32887', 'hash': 0, 'type': 'document', 'site_name': 'Telegram', 'title': 'Corona Chan News ü¶†', 'description': 'SIEGE of the US capitol building üî• was lead by a skull mask WigNat ‚ò†Ô∏è Man of the year üëë', 'photo': None, 'embed_url': None, 'embed_type': None, 'embed_width': None, 'embed_height': None, 'duration': None, 'author': None, 'document': {'_': 'Document', 'id': 5165754189933969794, 'access_hash': -3785312638753802212, 'file_reference': b'\x00_\xfe\x9b\xfd3\x1bC\xffyk\nM<\x7f0!T\xd1\xe5\x0b', 'date': datetime.datetime(2021, 1, 7, 0, 13, 18, tzinfo=datetime.timezone.utc), 'mime_type': 'video/mp4', 'size': 30533659, 'dc_id': 1, 'attributes': [{'_': 'DocumentAttributeVideo', 'duration': 101, 'w': 1280, 'h': 720, 'round_message': False, 'supports_streaming': True}], 'thumbs': [{'_': 'PhotoStrippedSize', 'type': 'i', 'bytes': b""\x01\x16(sM\x1b\xb8\xf2\xe5}\xbfBi\xcfs(Pa\x90\xb0\x1d\x88\xebJ\xb6\xee\x9f\xea\xd9v\x96\xc9\xe2\xa1\xf3\xc6\xf7\x1ef08;s\x9aC\x1d-\xd4\xd2\xe4\x86(;\x01\xda\xaaKsw(\xc3\x16\xc7\xa0\xa9\t*\xcb\xe61\xc36r=*\x19X\xa5\xd1\x05\xb2\x17'\x03\xa5\x00\xd142\xbf\x96\x15\x80'=\xe8\xa4\xb1S4\xce\xe5\xf0\x83\xa8\xcf&\x8a.\x16&\x92\xe5\x9fK\x12r\x19\x8e\xd3TQY\xe3f\xdd\xd2\x8a*\x96\x88L&\x99\xa5\x86<\x81\xf2\xf7\xa9\x9a\xdd\x1ehWs\x05h\xf3\xef\xebE\x14\x86\x16\x9f\xb83\x10\x01\x01\xb6\x8c\xfbQE\x15\x94\xf7:\xa8\xc58\xea\x7f""}, {'_': 'PhotoSize', 'type': 'm', 'location': {'_': 'FileLocationToBeDeprecated', 'volume_id': 100046300934, 'local_id': 7609}, 'w': 320, 'h': 180, 'size': 23874}], 'video_thumbs': []}, 'cached_page': None, 'attributes': []}}",0.0,0.0,"Saint Tarrant's accelerationism plan to liberate Whites was spelled out in The Great Replacement manifesto in 2019üî• If you read it then you would understood the rise of extremism on both the left and the right üî™

You would have better prepared for 2020 and on ‚è© But instead all the grifters and deradicalization agents disavowed the most censored piece of literature in history üìï The elites went out of their way to ban it from the internet because they fear the rise of extremism will destroy liberalism üí• Saint Tarrant wrote:

""Finally, to create conflict between the two ideologies within the United States on the ownership of firearms in order to further the social, cultural, political and racial divide within the United states. This conflict over the 2nd amendment and the attempted removal of firearms rights will ultimately result in a civil war that will eventually balkanize the US along political, cultural and, most importantly, racial lines.

This balkanization of the US will not only result in the racial separation
of the people within the United States ensuring the future of the White
race on the North American continent, but also ensuring the death of the melting pot‚Äù pipe dream.

Furthermore this balkanization will also reduce the USA‚Äôs ability to
project power globally, and thereby ensure that never again can such a
situation as the US involvement in Kosovo ever occur again (where
US/NATO forces fought beside muslims and slaughtered Christian
Europeans attempting to remove these Islamic occupiers from Europe).""",0.0,"{'_': 'PeerChannel', 'channel_id': 1179904205}",0.0,1.0,,,,,[],0.0,,575.0,
9,Message,2021-01-03 17:00:15+00:00,,0.0,[],2.0,,0.0,"{'_': 'MessageFwdHeader', 'date': datetime.datetime(2021, 1, 3, 7, 38, 55, tzinfo=datetime.timezone.utc), 'from_id': {'_': 'PeerChannel', 'channel_id': 1161786523}, 'from_name': None, 'channel_post': 4416, 'post_author': None, 'saved_from_peer': None, 'saved_from_msg_id': None, 'psa_type': None}",,42.0,0.0,"{'_': 'MessageMediaPhoto', 'photo': {'_': 'Photo', 'id': 5154868896426207580, 'access_hash': 4587237110862205506, 'file_reference': b'\x02FS\xe8\xcd\x00\x00\x00*_\xfe\x9b\xfd\x15\x85\xe9z\xd2\x84ts*\xb1\x99)\xc7\xd6\x81\xec', 'date': datetime.datetime(2021, 1, 3, 7, 38, 54, tzinfo=datetime.timezone.utc), 'sizes': [{'_': 'PhotoStrippedSize', 'type': 'i', 'bytes': b'\x01\x17(\xa5\x1f\x91\xf6v\x0f\xfe\xb3\xb5G\x94\xf4\x1f\xad*\x85\xc7;s\xef\x9a_\x97\x8e\x13\xf34\xc47)\xfd\xd1\xfa\xd3*C\x80:)\xfaf\x9b\xb8\x7fpP\x03h\xa7\x16\x078P(\xa0\x05R6\xe3#\xf1Z]\xc38\xca\xff\x00\xdf4Q@\x06F:\xaf\xfd\xf3M\xdf\xcfA\xf9QE\x00!l\xf6\x03\xe9E\x14P\x07'}, {'_': 'PhotoSize', 'type': 'm', 'location': {'_': 'FileLocationToBeDeprecated', 'volume_id': 100009100361, 'local_id': 268145}, 'w': 320, 'h': 180, 'size': 14387}, {'_': 'PhotoSize', 'type': 'x', 'location': {'_': 'FileLocationToBeDeprecated', 'volume_id': 100009100361, 'local_id': 268146}, 'w': 800, 'h': 449, 'size': 51045}, {'_': 'PhotoSize', 'type': 'y', 'location': {'_': 'FileLocationToBeDeprecated', 'volume_id': 100009100361, 'local_id': 268143}, 'w': 815, 'h': 457, 'size': 33713}], 'dc_id': 1, 'has_stickers': False, 'video_sizes': []}, 'ttl_seconds': None}",0.0,0.0,,0.0,"{'_': 'PeerChannel', 'channel_id': 1179904205}",0.0,1.0,,,,,[],0.0,,494.0,
10,Message,2021-01-03 04:45:41+00:00,,0.0,[],6.0,,0.0,"{'_': 'MessageFwdHeader', 'date': datetime.datetime(2021, 1, 3, 4, 43, 51, tzinfo=datetime.timezone.utc), 'from_id': {'_': 'PeerChannel', 'channel_id': 1182851985}, 'from_name': None, 'channel_post': 32332, 'post_author': None, 'saved_from_peer': None, 'saved_from_msg_id': None, 'psa_type': None}",,41.0,0.0,"{'_': 'MessageMediaDocument', 'document': {'_': 'Document', 'id': 5154891066591150589, 'access_hash': 3246117427478753400, 'file_reference': b'\x02FS\xe8\xcd\x00\x00\x00)_\xfe\x9b\xfd\xbdqc\xf5i\x08\x02\xc1>\x0f?\xe9\xbeA*T', 'date': datetime.datetime(2021, 1, 3, 4, 43, 51, tzinfo=datetime.timezone.utc), 'mime_type': 'video/mp4', 'size': 8308758, 'dc_id': 1, 'attributes': [{'_': 'DocumentAttributeVideo', 'duration': 44, 'w': 1280, 'h': 720, 'round_message': False, 'supports_streaming': True}], 'thumbs': [{'_': 'PhotoStrippedSize', 'type': 'i', 'bytes': b'\x01\x16(\xa6\x05K\x1ca\xa3c\xceGJ\x85\x18\x93\x8a\xb1\x04L\xf19<g#\x15\xadIi\xa10\x83\xdd\xa0@\x18\x03\xebO\x11\x8a\x81\x18\xaa\x8e:qJf`3\x83\x8fZ\xa5+\x90\xe9\xb5\xb91\x8e\x8a\x80\xcc\xccp\x0bQR\xe7`P\xb8\xf9\x11\x11\x01U\x00\x9e\xf5$/\x88%\x1e\xd4QY\xb3\xba\x9f\xf0\xc8\xe3??##\xd2\xa6!6\xff\x00\xab\\~4QM\x19\xd7\xf8\x85\x91c\x18\xc4`\x1a(\xa2\x9d\x8c\x0f'}, {'_': 'PhotoSize', 'type': 'm', 'location': {'_': 'FileLocationToBeDeprecated', 'volume_id': 100047600617, 'local_id': 14031}, 'w': 320, 'h': 180, 'size': 13381}], 'video_thumbs': []}, 'ttl_seconds': None}",0.0,0.0,COVID Vaccine is deadly ‚ö∞Ô∏è Warn everybody you know üíâ,0.0,"{'_': 'PeerChannel', 'channel_id': 1179904205}",0.0,1.0,,,,,[],0.0,,494.0,
11,Message,2021-01-03 02:48:03+00:00,,0.0,"[{'_': 'MessageEntityItalic', 'offset': 40, 'length': 37}]",3.0,,0.0,"{'_': 'MessageFwdHeader', 'date': datetime.datetime(2021, 1, 3, 2, 35, 43, tzinfo=datetime.timezone.utc), 'from_id': {'_': 'PeerChannel', 'channel_id': 1182851985}, 'from_name': None, 'channel_post': 32313, 'post_author': None, 'saved_from_peer': None, 'saved_from_msg_id': None, 'psa_type': None}",,40.0,0.0,"{'_': 'MessageMediaDocument', 'document': {'_': 'Document', 'id': 5154891066591150588, 'access_hash': 6320062086241672872, 'file_reference': b""\x02FS\xe8\xcd\x00\x00\x00(_\xfe\x9b\xfd\xf2\xc7\xb8\xa70\x1f\x9d'tnt\xc3(f\x0f~"", 'date': datetime.datetime(2021, 1, 3, 2, 43, 22, tzinfo=datetime.timezone.utc), 'mime_type': 'video/mp4', 'size': 39269250, 'dc_id': 1, 'attributes': [{'_': 'DocumentAttributeVideo', 'duration': 110, 'w': 854, 'h': 480, 'round_message': False, 'supports_streaming': True}, {'_': 'DocumentAttributeFilename', 'file_name': 'Hero COVID Vaccine Destroyer 480p.mp4'}], 'thumbs': [{'_': 'PhotoStrippedSize', 'type': 'i', 'bytes': b""\x01\x16(\xa9\x11Q\t\x8c\xf5f\xaa\xe4a\xd9s\xd0\xf1V\x8cP\x0cf^G\xa0\xa6\x88\xa0-\xcb\xb1\xfaS`V#\x81\x81R\xda\xb8IK\x9e\x81sS\x1bxq\x81\xba\x90A\x10\x1dZ\x95\x82\xe4C\xe7,\xc7\xa94S\xb6\xc6\xb9\xda\xc4\xfbQV\x9aHN-\x913\xe7\xb5>&\xd8\xd9\xc6\x7f\x1a(\xa8L\xb9$J'\xe3\x91P\xbc\x84\x8c\n(\xa6\xdb\x14Rl\x881<QE\x15%\xa6\x7f""}, {'_': 'PhotoSize', 'type': 'm', 'location': {'_': 'FileLocationToBeDeprecated', 'volume_id': 100047800176, 'local_id': 12042}, 'w': 320, 'h': 180, 'size': 14795}], 'video_thumbs': []}, 'ttl_seconds': None}",0.0,0.0,"üíâüö´üôÖ‚Äç‚ôÇÔ∏è Steven Brandenburg üôãüèº‚Äç‚ôÇÔ∏è

üéµ""A real human being, and a real hero"" üé∂",0.0,"{'_': 'PeerChannel', 'channel_id': 1179904205}",0.0,1.0,,,,,[],0.0,,455.0,
12,Message,2020-12-27 09:29:30+00:00,,0.0,[],2.0,,0.0,"{'_': 'MessageFwdHeader', 'date': datetime.datetime(2020, 12, 27, 5, 13, 26, tzinfo=datetime.timezone.utc), 'from_id': {'_': 'PeerChannel', 'channel_id': 1161786523}, 'from_name': None, 'channel_post': 4348, 'post_author': None, 'saved_from_peer': None, 'saved_from_msg_id': None, 'psa_type': None}",,38.0,0.0,"{'_': 'MessageMediaPhoto', 'photo': {'_': 'Photo', 'id': 5134224122505701644, 'access_hash': -4428693562954401218, 'file_reference': b'\x02FS\xe8\xcd\x00\x00\x00&_\xfe\x9b\xfd\xaeC\xbb\x8d\x11\x97-N\x04\xe9\x02Y\xbcd.\xd3', 'date': datetime.datetime(2020, 12, 27, 5, 13, 26, tzinfo=datetime.timezone.utc), 'sizes': [{'_': 'PhotoStrippedSize', 'type': 'i', 'bytes': b'\x01 (\xa4\x8f\x08\xb7e`w\x9e\x95\x19)\xfd\xda\x17\x18\xe5\x80\xff\x00\x80\xe6\x94\x91\xfd\xe1\xff\x00|\xd3\x10\x84\xaf\xf7E2\xa4\xc8\xfe\xf0\xff\x00\xbei\x0e?\xbc?\xef\x9a\x00e\x14\xe2\x17\x1c6O\xd2\x8a\x00z\x1c(\xc6\x7f1N\xc9?\xde?\x88\xa8\x87A\xc0\xa0\xe4\x8e\x82\x80$\xc9\xff\x00k?\x85(-\x8f\xe2\xc7\xd4T84`\xd0\x03\x9c\x00\x07\x07&\x8ae\x14\x01'}, {'_': 'PhotoSize', 'type': 'm', 'location': {'_': 'FileLocationToBeDeprecated', 'volume_id': 100033100994, 'local_id': 96424}, 'w': 320, 'h': 257, 'size': 21639}, {'_': 'PhotoSize', 'type': 'x', 'location': {'_': 'FileLocationToBeDeprecated', 'volume_id': 100033100994, 'local_id': 96422}, 'w': 800, 'h': 642, 'size': 84637}, {'_': 'PhotoSize', 'type': 'y', 'location': {'_': 'FileLocationToBeDeprecated', 'volume_id': 100033100994, 'local_id': 96421}, 'w': 828, 'h': 664, 'size': 54565}], 'dc_id': 1, 'has_stickers': False, 'video_sizes': []}, 'ttl_seconds': None}",0.0,0.0,,0.0,"{'_': 'PeerChannel', 'channel_id': 1179904205}",0.0,1.0,,,,,[],0.0,,550.0,
13,Message,2020-12-20 00:32:10+00:00,,0.0,"[{'_': 'MessageEntityUrl', 'offset': 39, 'length': 43}]",1.0,,0.0,"{'_': 'MessageFwdHeader', 'date': datetime.datetime(2020, 12, 20, 0, 31, 4, tzinfo=datetime.timezone.utc), 'from_id': {'_': 'PeerChannel', 'channel_id': 1182851985}, 'from_name': None, 'channel_post': 31006, 'post_author': None, 'saved_from_peer': None, 'saved_from_msg_id': None, 'psa_type': None}",,37.0,0.0,,0.0,0.0,"STARTING NOW: Live James on HateLab üî•
https://www.youtube.com/watch?v=wFbwD7-Lbik",0.0,"{'_': 'PeerChannel', 'channel_id': 1179904205}",0.0,1.0,,,,,[],0.0,,677.0,
14,Message,2020-12-18 03:15:42+00:00,,0.0,"[{'_': 'MessageEntityHashtag', 'offset': 465, 'length': 13}]",0.0,,0.0,"{'_': 'MessageFwdHeader', 'date': datetime.datetime(2020, 12, 17, 17, 39, 47, tzinfo=datetime.timezone.utc), 'from_id': {'_': 'PeerChannel', 'channel_id': 1182851985}, 'from_name': None, 'channel_post': 30740, 'post_author': None, 'saved_from_peer': None, 'saved_from_msg_id': None, 'psa_type': None}",,34.0,0.0,,0.0,0.0,"Dear Daily Beast üëπ We didn't expect you to cover us fairly so allow us now to set the record straight üò§

This channel Corona Chan News ü¶† has enthusiastically cheered on Black Lives Matter protests ‚úäüèø and has been the loudest advocate of COVID-19 vaccinations for all people of color, non binary individuals, and other marginalized groups üíâ Whites must check their privilege and not step to the front of the line for these new vaccines that are in short supply #VaxTheBlacks üòè",0.0,"{'_': 'PeerChannel', 'channel_id': 1179904205}",0.0,1.0,,,,,[],0.0,,621.0,
15,Message,2020-12-18 03:15:42+00:00,,0.0,"[{'_': 'MessageEntityUrl', 'offset': 43, 'length': 24}]",0.0,,0.0,"{'_': 'MessageFwdHeader', 'date': datetime.datetime(2020, 12, 17, 16, 30, 13, tzinfo=datetime.timezone.utc), 'from_id': {'_': 'PeerChannel', 'channel_id': 1314300626}, 'from_name': None, 'channel_post': 43342, 'post_author': None, 'saved_from_peer': None, 'saved_from_msg_id': None, 'psa_type': None}",,33.0,0.0,"{'_': 'MessageMediaWebPage', 'webpage': {'_': 'WebPage', 'id': 5446035704364762456, 'url': 'https://archive.vn/hGV9D', 'display_url': 'archive.vn/hGV9D', 'hash': 0, 'type': 'article', 'site_name': 'archive.vn', 'title': 'Anti-Vaxxer Panic About the Pfizer Coronavirus Vaccine Meets Neo-Nazi‚Ä¶', 'description': 'archived 16 Dec 2020 01:33:50 UTC', 'photo': {'_': 'Photo', 'id': 5971042536707435447, 'access_hash': 5657237361112622460, 'file_reference': b'\x00_\xfe\x9b\xfd\xa2\xa9\xe3u\xda\x823{\x1b\x91e\x8d0I(\x05', 'date': datetime.datetime(2020, 12, 17, 16, 26, 33, tzinfo=datetime.timezone.utc), 'sizes': [{'_': 'PhotoStrippedSize', 'type': 'i', 'bytes': b'\x01\x1e(\xd2\x8a8\xedb\x11\xabm^\xd9\xa7\xf9\xb1\xff\x00\xcfU\xfc\xc5d\x0b\xf9\xa4P\x0c\xa8\xad\xee\xa2\x95\'\xbb\xcf\xcd\xb3\x93\xd4(\xc1\xa5\xcc\x86\xd5\x8d=\xd0\xee\xc6\xf1\xff\x00}S\xfc\xd8\xff\x00\xe7\xa2\xfeu\x9c&\x98\xe0\x16\x8fp\xea\x02\xd4O=\xde\xff\x00\x97h\x1e\xa5F?:JI\xec\x0e\xe6\xb7\xc9(\xfb\xd9\xc7\xf7M\x15\x8eo\xe5\x8dH\x12\xa3\x1fP\xa2\x8aw)E\xf73\xabB\x07""3\x83\xb8\x8e\xc2\xb3\xea\xc4\x130\xfa(\xfc\xea$\x84X\x0cw|\xb9\xe4\xe4\x13\xde\x92\xe8\xfc\x8b\xb8\xe3\xd4f\x9anT3\xb0O\x99x\xe4\xd4w\x0c]w\xf6lp{T%\xa9R\x92es\xd6\x8aJ+B\x0f'}, {'_': 'PhotoSize', 'type': 'm', 'location': {'_': 'FileLocationToBeDeprecated', 'volume_id': 400120400334, 'local_id': 119172}, 'w': 320, 'h': 240, 'size': 22179}, {'_': 'PhotoSize', 'type': 'x', 'location': {'_': 'FileLocationToBeDeprecated', 'volume_id': 400120400334, 'local_id': 119173}, 'w': 800, 'h': 600, 'size': 77885}, {'_': 'PhotoSize', 'type': 'y', 'location': {'_': 'FileLocationToBeDeprecated', 'volume_id': 400120400334, 'local_id': 119174}, 'w': 1024, 'h': 768, 'size': 108828}], 'dc_id': 4, 'has_stickers': False, 'video_sizes': []}, 'embed_url': None, 'embed_type': None, 'embed_width': None, 'embed_height': None, 'duration': None, 'author': None, 'document': None, 'cached_page': None, 'attributes': []}}",0.0,0.0,"Archive of Corona Chan News article by TDB
https://archive.vn/hGV9D",0.0,"{'_': 'PeerChannel', 'channel_id': 1179904205}",0.0,1.0,,,,,[],0.0,,526.0,
16,Message,2020-12-09 05:58:40+00:00,,0.0,[],2.0,,0.0,"{'_': 'MessageFwdHeader', 'date': datetime.datetime(2020, 12, 9, 5, 18, 59, tzinfo=datetime.timezone.utc), 'from_id': {'_': 'PeerChannel', 'channel_id': 1180340998}, 'from_name': None, 'channel_post': 19, 'post_author': None, 'saved_from_peer': None, 'saved_from_msg_id': None, 'psa_type': None}",,31.0,0.0,"{'_': 'MessageMediaDocument', 'document': {'_': 'Document', 'id': 5080473980729557280, 'access_hash': 7524061288225330451, 'file_reference': b'\x02FS\xe8\xcd\x00\x00\x00\x1f_\xfe\x9b\xfd\xae%\xac\x9a\xd2\xc8\x7f\x12\xa2\xbeu.*y\x0c\x94', 'date': datetime.datetime(2020, 12, 9, 5, 18, 59, tzinfo=datetime.timezone.utc), 'mime_type': 'video/mp4', 'size': 12951114, 'dc_id': 1, 'attributes': [{'_': 'DocumentAttributeVideo', 'duration': 257, 'w': 480, 'h': 360, 'round_message': False, 'supports_streaming': True}], 'thumbs': [{'_': 'PhotoStrippedSize', 'type': 'i', 'bytes': b""\x01\x1e(\xcf\xc7<T\xd1\xfc\x9f;q\x9e\xd4\xf8\x02\xed\x04\xe7$\xf5\x15,\x91n\xc6:Q`\x18\xd7\x19c\xe5\xa9\xc7\xbfjE\x9aFc\xbd\xd8\xd3\xb6,`\x92@\x14\xcf6 \x0e\x0eO^\x050-DN2{\xd1U>\xdc\xaa8V\xa2\x9d\xc0!a\x80\xb9\xfb\xb9\xe6\x9b%\xd3#\x91\xd4Uu8\xf5\xa6\xb6Krx\xa9\x02\xc3N\x1d\t\xef\xe9Qg\xe5'\x1dE4(>\xb4\xed\x80P\x04\\\x90h\xa9v\xf1E\x00\x7f""}, {'_': 'PhotoSize', 'type': 'm', 'location': {'_': 'FileLocationToBeDeprecated', 'volume_id': 100037100241, 'local_id': 7592}, 'w': 320, 'h': 240, 'size': 15252}], 'video_thumbs': []}, 'ttl_seconds': None}",0.0,0.0,"RIP Robert Jay Mathews. 
On December 7th, 1984, the FBI had all three hideouts surrounded. Agents arrested four members of the gang without incident, but Mathews refused to surrender. A 35-hour standoff ensued at 3306 South Smuggler's Cove Road in the town of Greenbank. Mathews fired at the agents numerous times with a sub-machine gun. On Dec 8th, negotiations stalled and at 6:30pm, the FBI fired three M-79 Starburst illumination flares into the house, knowing it would likely catch on fire and end the standoff. Mathews still didn't surrender. On the morning of December 9th, agents found his charred remains inside the burned-out building. The death of Robert Jay Mathews signaled the end of The Order as a viable group. 

Read The Turner Diaries.",0.0,"{'_': 'PeerChannel', 'channel_id': 1179904205}",0.0,1.0,,,,,[],0.0,,558.0,
17,Message,2020-12-08 02:49:49+00:00,,0.0,[],1.0,,0.0,"{'_': 'MessageFwdHeader', 'date': datetime.datetime(2020, 12, 7, 23, 11, 54, tzinfo=datetime.timezone.utc), 'from_id': {'_': 'PeerChannel', 'channel_id': 1161786523}, 'from_name': None, 'channel_post': 4147, 'post_author': None, 'saved_from_peer': None, 'saved_from_msg_id': None, 'psa_type': None}",,30.0,0.0,"{'_': 'MessageMediaPhoto', 'photo': {'_': 'Photo', 'id': 5076085830279342597, 'access_hash': 3940541908563221073, 'file_reference': b'\x02FS\xe8\xcd\x00\x00\x00\x1e_\xfe\x9b\xfd\xdf\xaf%\xa4$\xe2r\xfd6\x93\xb1\xea\xe79g\xd2', 'date': datetime.datetime(2020, 12, 7, 23, 11, 54, tzinfo=datetime.timezone.utc), 'sizes': [{'_': 'PhotoStrippedSize', 'type': 'i', 'bytes': b'\x01\x1b(\xa5\x1b\xc2-\x99\x18|\xe7\xa1\xc53r\xff\x00t~_\xfdz@F9#\xf2\xa4\xdd\xec?*b\x17r\xff\x00p~_\xfdze;\x7f\xb2\xfeTo\xf6_\xca\x80\x1bE)\xe6\x8a\x00pa\xb4\x0c\x9f\xca\x94\xb8\xc7\xde?\x90\xa6\x02qFN\x05\x00I\xbd}[\xf2\x14\xd2\xe7<\x1e=\xc5&NM!<P\x00I=h\xa4\xa2\x80?'}, {'_': 'PhotoSize', 'type': 'm', 'location': {'_': 'FileLocationToBeDeprecated', 'volume_id': 100007900040, 'local_id': 253522}, 'w': 320, 'h': 216, 'size': 14111}, {'_': 'PhotoSize', 'type': 'x', 'location': {'_': 'FileLocationToBeDeprecated', 'volume_id': 100007900040, 'local_id': 253523}, 'w': 800, 'h': 541, 'size': 56936}, {'_': 'PhotoSize', 'type': 'y', 'location': {'_': 'FileLocationToBeDeprecated', 'volume_id': 100007900040, 'local_id': 253520}, 'w': 818, 'h': 553, 'size': 42352}], 'dc_id': 1, 'has_stickers': False, 'video_sizes': []}, 'ttl_seconds': None}",0.0,0.0,,0.0,"{'_': 'PeerChannel', 'channel_id': 1179904205}",0.0,1.0,,,,,[],0.0,,406.0,
18,Message,2020-12-03 05:22:49+00:00,,0.0,[],1.0,,0.0,"{'_': 'MessageFwdHeader', 'date': datetime.datetime(2020, 12, 3, 5, 21, 33, tzinfo=datetime.timezone.utc), 'from_id': {'_': 'PeerChannel', 'channel_id': 1182851985}, 'from_name': None, 'channel_post': 29403, 'post_author': None, 'saved_from_peer': None, 'saved_from_msg_id': None, 'psa_type': None}",,29.0,0.0,"{'_': 'MessageMediaPhoto', 'photo': {'_': 'Photo', 'id': 5062573455144233337, 'access_hash': 2988506952587525889, 'file_reference': b'\x02FS\xe8\xcd\x00\x00\x00\x1d_\xfe\x9b\xfdm\xd4\x0f\xa7\xe1\xcfc\xdb\x1d\x90>\xf5EyE\xfa', 'date': datetime.datetime(2020, 12, 3, 5, 21, 33, tzinfo=datetime.timezone.utc), 'sizes': [{'_': 'PhotoStrippedSize', 'type': 'i', 'bytes': b'\x01\x17(\x94\xdc\r\x9b\x062G\x03=\rC(VB\xc4\x1d\xc3\xbf\xa5P^p\xc4\x9c\x8e)VV\x1b\x907\xca\xdc\x9a\x16\xa5\xca6W-\x16\x1fdPq\x8c\x90\x0e)\xf0\x01\x1e:\xf2\x0es\xebU\x8a~\xe3\xaf\x03\x9cSD\x85\xe4\x89\x0f@E\x16D\x1amp\x84\x18\xfb\x8cs\xda\x8a\xa7$\xa0\xc2\xee\x14\x03\x9c~\xb4SJ\xe0Q\x04\x82\xa3\xd6\x91O\xcf\x8e\x9d\xa8\xa2\xa5\x16\xf6&\xe7\xa6\xe3M\x89C\xdc\xa0bpOoj(\xa6\x99,\x96\xefj\xc8\x9e[\x96V\x1b\xb1\x8c\n(\xa2\x98\x8f'}, {'_': 'PhotoSize', 'type': 'm', 'location': {'_': 'FileLocationToBeDeprecated', 'volume_id': 806528333, 'local_id': 283797}, 'w': 320, 'h': 180, 'size': 20393}, {'_': 'PhotoSize', 'type': 'x', 'location': {'_': 'FileLocationToBeDeprecated', 'volume_id': 806528333, 'local_id': 283798}, 'w': 800, 'h': 450, 'size': 79113}], 'dc_id': 1, 'has_stickers': False, 'video_sizes': []}, 'ttl_seconds': None}",0.0,0.0,What if I told you that the same Dr. Fauci who spent multiple millions funding gain of function research on Coronaviruses at the Wuhan Institute of Virology in China to make these viruses more infectious against humans is the same doctor invested in Warp Speed Pharmaceutical Moderna that is making these experimental mRNA vaccines for COVID-19 üíâ,0.0,"{'_': 'PeerChannel', 'channel_id': 1179904205}",0.0,1.0,,,,,[],0.0,,535.0,
19,Message,2020-12-03 03:36:47+00:00,,0.0,[],2.0,,0.0,"{'_': 'MessageFwdHeader', 'date': datetime.datetime(2020, 12, 3, 3, 34, 35, tzinfo=datetime.timezone.utc), 'from_id': {'_': 'PeerChannel', 'channel_id': 1182851985}, 'from_name': None, 'channel_post': 29394, 'post_author': None, 'saved_from_peer': None, 'saved_from_msg_id': None, 'psa_type': None}",,28.0,0.0,,0.0,0.0,"Dark Winter Perfect Storm ‚ö°Ô∏è
- Experimental vaccine rollout üíâ
- Pandemic killing the most ever ‚ö∞Ô∏è
- Mass anti lock down riots üî•
- US election political collapse üá∫üá∏
- Food banks begin rationing food üçî
- WW3 with Iran on horizon ‚ò¢Ô∏è",0.0,"{'_': 'PeerChannel', 'channel_id': 1179904205}",0.0,1.0,,,,,[],0.0,,423.0,
20,Message,2020-12-03 03:29:42+00:00,,0.0,[],0.0,,0.0,"{'_': 'MessageFwdHeader', 'date': datetime.datetime(2020, 12, 3, 2, 19, 16, tzinfo=datetime.timezone.utc), 'from_id': {'_': 'PeerChannel', 'channel_id': 1182851985}, 'from_name': None, 'channel_post': 29389, 'post_author': None, 'saved_from_peer': None, 'saved_from_msg_id': None, 'psa_type': None}",12855729457519081,27.0,0.0,"{'_': 'MessageMediaPhoto', 'photo': {'_': 'Photo', 'id': 5062573455144233334, 'access_hash': -4603931781271433845, 'file_reference': b'\x02FS\xe8\xcd\x00\x00\x00\x1b_\xfe\x9b\xfd\x98\xb1X\x86{\x1d\x85\xff\xca\xc2H\x19\x0c\xa1s\x86', 'date': datetime.datetime(2020, 12, 3, 2, 19, 15, tzinfo=datetime.timezone.utc), 'sizes': [{'_': 'PhotoStrippedSize', 'type': 'i', 'bytes': b""\x01(\x1e\xd5\xcb\xee\xe8(%\x81\xe9\xd6\x9d\xce\xee\r#}\xea\x00n\xe6\xc6q\xd2\xa1\xfbda\x88\xdc2\x0f<\x1a\x99~\xe9\xe6\xb1\x9f\x1el\x9c\x7f\x11\xa8r\xd2\xe6\xb4\xa9\xa9\xdd3s\x9d\xd4\x879\xa3\xf8\xa8l\xee\xabfCT\xf0\xdcV;\xff\x00\xaf\x93\xfd\xe3\xfc\xeba~\xebV;\x7f\xaf\x97\xfd\xe3\xfc\xeb'\xb2:hn\xcd\xbewt\xa4'\x9e\x94QZ3\x98E'\r\xc5c?\xfa\xf9?\xde?\xce\x8a+7\xb2:p\xfb\xb3""}, {'_': 'PhotoSize', 'type': 'm', 'location': {'_': 'FileLocationToBeDeprecated', 'volume_id': 100017400155, 'local_id': 170695}, 'w': 243, 'h': 320, 'size': 27396}, {'_': 'PhotoSize', 'type': 'x', 'location': {'_': 'FileLocationToBeDeprecated', 'volume_id': 100017400155, 'local_id': 170696}, 'w': 573, 'h': 755, 'size': 84955}], 'dc_id': 1, 'has_stickers': False, 'video_sizes': []}, 'ttl_seconds': None}",0.0,0.0,,0.0,"{'_': 'PeerChannel', 'channel_id': 1179904205}",0.0,1.0,,,,,[],0.0,,403.0,
21,Message,2020-12-03 03:29:42+00:00,,0.0,[],0.0,,0.0,"{'_': 'MessageFwdHeader', 'date': datetime.datetime(2020, 12, 3, 2, 19, 16, tzinfo=datetime.timezone.utc), 'from_id': {'_': 'PeerChannel', 'channel_id': 1182851985}, 'from_name': None, 'channel_post': 29388, 'post_author': None, 'saved_from_peer': None, 'saved_from_msg_id': None, 'psa_type': None}",12855729457519081,26.0,0.0,"{'_': 'MessageMediaPhoto', 'photo': {'_': 'Photo', 'id': 5062573455144233335, 'access_hash': 8405876535488312276, 'file_reference': b'\x02FS\xe8\xcd\x00\x00\x00\x1a_\xfe\x9b\xfdY\x9eh\xdb\x7f(S,\x11\x99\x0f\xce\x14\x15{\x1e', 'date': datetime.datetime(2020, 12, 3, 2, 23, 23, tzinfo=datetime.timezone.utc), 'sizes': [{'_': 'PhotoStrippedSize', 'type': 'i', 'bytes': b'\x01(\x17\xd7u\xc8\xe9\xcd0\xc7\xec\x7f\xcf\xe3O^\xf4\xea\x00E\x18P(\xa3?0\x14P\x03K\x05\x04\x9e\x83\xdf4\xa5\xc0`\xbd\xcd2c\xf2\x1e\xbdEB\\\x92\xa7\xba\x8ai\\\x96\xecX\xcf\xef@\xf64Tq\xb6\xe9I\xf6\xe2\x8a\x18\x0f\x91IR\x07Rj\x1f)\xfd?Z(\xa6\x9d\x81\xab\xb1\xf0\xa3+d\x8e1E\x14Rli\x1f'}, {'_': 'PhotoSize', 'type': 'm', 'location': {'_': 'FileLocationToBeDeprecated', 'volume_id': 806527325, 'local_id': 282958}, 'w': 180, 'h': 320, 'size': 10554}, {'_': 'PhotoSize', 'type': 'x', 'location': {'_': 'FileLocationToBeDeprecated', 'volume_id': 806527325, 'local_id': 282956}, 'w': 449, 'h': 800, 'size': 37927}, {'_': 'PhotoSize', 'type': 'y', 'location': {'_': 'FileLocationToBeDeprecated', 'volume_id': 806527325, 'local_id': 282955}, 'w': 464, 'h': 826, 'size': 34782}], 'dc_id': 1, 'has_stickers': False, 'video_sizes': []}, 'ttl_seconds': None}",0.0,0.0,Today is the deadliest day of the pandemic in the USA ‚ö∞Ô∏è Spring was just warm up üìà We are nearing 9/11 every day territory ü¶† Dark Winter ‚ùÑÔ∏è,0.0,"{'_': 'PeerChannel', 'channel_id': 1179904205}",0.0,1.0,,,,,[],0.0,,399.0,
22,Message,2020-12-03 02:09:25+00:00,,0.0,"[{'_': 'MessageEntityUrl', 'offset': 799, 'length': 133}, {'_': 'MessageEntityItalic', 'offset': 934, 'length': 746}]",7.0,,0.0,"{'_': 'MessageFwdHeader', 'date': datetime.datetime(2020, 12, 3, 2, 7, 57, tzinfo=datetime.timezone.utc), 'from_id': {'_': 'PeerChannel', 'channel_id': 1182851985}, 'from_name': None, 'channel_post': 29386, 'post_author': None, 'saved_from_peer': None, 'saved_from_msg_id': None, 'psa_type': None}",,25.0,0.0,"{'_': 'MessageMediaWebPage', 'webpage': {'_': 'WebPage', 'id': 4928756533622625639, 'url': 'https://2020news.de/en/dr-wodarg-and-dr-yeadon-request-a-stop-of-all-corona-vaccination-studies-and-call-for-co-signing-the-petition/', 'display_url': '2020news.de/en/dr-wodarg-and-dr-yeadon-request-a-stop-of-all-corona-vaccination-studies-and-call-for-co-signing-the-petition', 'hash': 0, 'type': 'article', 'site_name': '2020 NEWS', 'title': 'Dr. Wodarg and Dr. Yeadon request a stop of all corona vaccination studies and call for co-signing the petition - 2020 NEWS', 'description': 'On December 1, 2020, the ex-Pfizer head of respiratory research Dr. Michael Yeadon and the lung specialist and former head of the public health department Dr. Wolfgang Wodarg filed an application with the EMA, the European Medicine Agency responsible for EU-wide drug approval, for the immediate suspension of all SARS CoV 2 vaccine studies, in [‚Ä¶]', 'photo': {'_': 'Photo', 'id': 5925848240824101753, 'access_hash': 2514522569484597401, 'file_reference': b""\x00_\xfe\x9b\xfd\x90G'p\x12\xad\x1b\xa5\xcd\xf6\xd9\x08t\xa7\xb6\x07"", 'date': datetime.datetime(2020, 12, 1, 14, 33, 5, tzinfo=datetime.timezone.utc), 'sizes': [{'_': 'PhotoStrippedSize', 'type': 'i', 'bytes': b'\x01(\x1enA\xa6\xa8\x1b\xfa\xf5\xa8\xa3}\xd2\x00\x01\xc1?\x95Z\xf2\x97\x8f\x9b\x91B@\xd8\xd7\x00B]Fj;g\n\x8d\xd7\xadK*\x91\x1b\x10x\x00\xd5HI\x19\xc5\x1b\x06\xe5\x88\xb7\xc8L\xad\xf2\xe4\x9eq\xd6\xa7.\xa3\x82qP\x82\x01\x18@\x00\xf44\xe2#bI\xc1\xa7\x16)""I\x0817<\x15?\x8dS\x867*v\x8c\x9c\xd5\x86\xc2\xc6\xa0\x03\x81\xc7\xe9H\x84\x85\x1d;\xfe4\xa5\xb8\xe3\xb1l\xdbA\x8f\xf5\x7f\xa9\xa8$H\xe1\x19U\x00\x0fZ(\xac\xcb+\xb2\xca\xd2gxd\xfe\xf0\xe7\x14\x90\xc9\x95\xc7aE\x14\xd0\x99'}, {'_': 'PhotoSize', 'type': 'm', 'location': {'_': 'FileLocationToBeDeprecated', 'volume_id': 400086600353, 'local_id': 190822}, 'w': 150, 'h': 200, 'size': 10230}], 'dc_id': 4, 'has_stickers': False, 'video_sizes': []}, 'embed_url': None, 'embed_type': None, 'embed_width': None, 'embed_height': None, 'duration': None, 'author': None, 'document': None, 'cached_page': None, 'attributes': []}}",0.0,0.0,"Please share! Terrifying new discovery confirming possible mass sterilization by the experimental COVID-19 vaccines üíâ  

Scientists discovered protein homology between a particular placental protein and the Coronavirus spike protein ü¶† They have functional resemblance. The risk is these vaccines genetically modify some of your cells to grow spike proteins so they can be attacked by the immune system. This process of training your body to fight itself aims to create antibodies. The risk of future autoimmune disorders is enormous.

Now imagine you give these experimental vaccines to billions of women. Autoimmune reactions will then kill the babies in the womb when they decide to get pregnant. They may take the vaccine now and then in 5 or 10 years find out they cannot have children üëº‚ö∞Ô∏è
 
https://2020news.de/en/dr-wodarg-and-dr-yeadon-request-a-stop-of-all-corona-vaccination-studies-and-call-for-co-signing-the-petition/

The vaccine contains a  spike protein called syncytin-1, vital for the formation of human placenta in women. If the vaccine works so that we form an immune response AGAINST the spike protein, we are also training the female body to attack syncytin-1, which could lead to infertility in women of an unspecified duration.

On December 1, 2020, the ex-Pfizer head of respiratory research Dr. Michael Yeadon and the lung specialist and former head of the public health department Dr. Wolfgang Wodarg filed an application with the EMA, the European Medicine Agency responsible for EU-wide drug approval, for the immediate suspension of all SARS CoV 2 vaccine studies, in particular the BioNtech/Pfizer study on BNT162b (EudraCT number 2020-002641-42).",0.0,"{'_': 'PeerChannel', 'channel_id': 1179904205}",0.0,1.0,,,,,[],0.0,,384.0,
23,Message,2020-12-01 05:51:40+00:00,,0.0,"[{'_': 'MessageEntityMention', 'offset': 178, 'length': 10}, {'_': 'MessageEntityMention', 'offset': 189, 'length': 24}]",0.0,,0.0,"{'_': 'MessageFwdHeader', 'date': datetime.datetime(2020, 12, 1, 5, 31, 5, tzinfo=datetime.timezone.utc), 'from_id': {'_': 'PeerChannel', 'channel_id': 1182851985}, 'from_name': None, 'channel_post': 29277, 'post_author': None, 'saved_from_peer': None, 'saved_from_msg_id': None, 'psa_type': None}",,24.0,0.0,"{'_': 'MessageMediaPhoto', 'photo': {'_': 'Photo', 'id': 5057980545966909710, 'access_hash': -1147943757253586748, 'file_reference': b'\x02FS\xe8\xcd\x00\x00\x00\x18_\xfe\x9b\xfd\xee|L?Z\xb3\x82\x01\x13\xa5\xc8\xf2\x9e\xd7\x98\xc7', 'date': datetime.datetime(2020, 12, 1, 5, 31, 5, tzinfo=datetime.timezone.utc), 'sizes': [{'_': 'PhotoStrippedSize', 'type': 'i', 'bytes': b'\x01\x1b(\xa0\x07O\x94\xd3\xb2\x01\xe5\x07\xe2*<\xfb\x8f\xca\x8c\xfb\x8f\xca\x98\x87\x97^p\x8b\xf9\x7f\xf5\xe9\x0b\x03\xd1\x00\xfaRq\xfd\xf5\xfc\x8d&}\xc7\xe5@\x05\x14\x99\xf7\xa2\x80%\x8c|\x838\xfd)q\xd4q\xfaTy;@\xcf\x1e\x94\x94\xc0\x93\xcb\xf7\xfdG\xf8\xd2\x14\xc0\xce\x7f\x952\x8a\x00i\xebE\x07\xad\x14\x80'}, {'_': 'PhotoSize', 'type': 'm', 'location': {'_': 'FileLocationToBeDeprecated', 'volume_id': 806529603, 'local_id': 280767}, 'w': 320, 'h': 218, 'size': 14838}, {'_': 'PhotoSize', 'type': 'x', 'location': {'_': 'FileLocationToBeDeprecated', 'volume_id': 806529603, 'local_id': 280768}, 'w': 800, 'h': 545, 'size': 59588}, {'_': 'PhotoSize', 'type': 'y', 'location': {'_': 'FileLocationToBeDeprecated', 'volume_id': 806529603, 'local_id': 280765}, 'w': 1080, 'h': 736, 'size': 66156}], 'dc_id': 1, 'has_stickers': False, 'video_sizes': []}, 'ttl_seconds': None}",0.0,0.0,"Derad channels working over time right now to slander the Saints with disinformation while simultaneously recruiting for public groups aka honey pots üçØ

Glow admins identified:
@TedKTalks
@TheRealMoneyMethodsDuce",0.0,"{'_': 'PeerChannel', 'channel_id': 1179904205}",0.0,1.0,,,,,[],0.0,,360.0,
24,Message,2020-11-27 22:18:20+00:00,,0.0,[],0.0,,0.0,"{'_': 'MessageFwdHeader', 'date': datetime.datetime(2020, 11, 27, 22, 14, 57, tzinfo=datetime.timezone.utc), 'from_id': {'_': 'PeerChannel', 'channel_id': 1182851985}, 'from_name': None, 'channel_post': 28937, 'post_author': None, 'saved_from_peer': None, 'saved_from_msg_id': None, 'psa_type': None}",,23.0,0.0,"{'_': 'MessageMediaPoll', 'poll': {'_': 'Poll', 'id': 5049022356127744004, 'question': 'Should Trump start WW3 ü§î', 'answers': [{'_': 'PollAnswer', 'text': 'No, you insane idiot üò°', 'option': b'0'}, {'_': 'PollAnswer', 'text': 'Yes, bring on armageddon ‚ò¢Ô∏è', 'option': b'1'}, {'_': 'PollAnswer', 'text': ""I'm a pacifist (I'm gay üè≥Ô∏è\u200düåà)"", 'option': b'2'}], 'closed': False, 'public_voters': False, 'multiple_choice': False, 'quiz': False, 'close_period': None, 'close_date': None}, 'results': {'_': 'PollResults', 'min': False, 'results': [], 'total_voters': 1097, 'recent_voters': [], 'solution': None, 'solution_entities': []}}",0.0,0.0,,0.0,"{'_': 'PeerChannel', 'channel_id': 1179904205}",0.0,1.0,,,,,[],0.0,,466.0,
25,Message,2020-11-26 21:44:05+00:00,,0.0,[],3.0,,0.0,"{'_': 'MessageFwdHeader', 'date': datetime.datetime(2020, 11, 26, 21, 12, 24, tzinfo=datetime.timezone.utc), 'from_id': {'_': 'PeerChannel', 'channel_id': 1161786523}, 'from_name': None, 'channel_post': 4037, 'post_author': None, 'saved_from_peer': None, 'saved_from_msg_id': None, 'psa_type': None}",,22.0,0.0,"{'_': 'MessageMediaPhoto', 'photo': {'_': 'Photo', 'id': 5044214913790224500, 'access_hash': -3135585808043950578, 'file_reference': b'\x02FS\xe8\xcd\x00\x00\x00\x16_\xfe\x9b\xfdA_E\xc6`|R\xb0\xc8@}\xe6\xd8*[]', 'date': datetime.datetime(2020, 11, 26, 21, 12, 24, tzinfo=datetime.timezone.utc), 'sizes': [{'_': 'PhotoStrippedSize', 'type': 'i', 'bytes': b'\x01(\x18\xa1\x96(\xa3h\xc0\x18\xce)\x08b:\x0f\xfb\xe6\x94\x0f\x94p?/\xfe\xb5&O\xf7?O\xfe\xb51\x0c*GZ)_\'\xf8p>\x94P\x05\xa8\xac\xe7\x91AX\xc1\x04g\xa8\xa1\xacnC\x01\xe5\x8e{d\x1a\xb7d""\xdc\x8d\xb8\xefU\x04\xfeTO$\xc6\x7f5\x1b\xf7d\x8cf\x95\xc7c>[i\xa3R]@\xc7\xd2\x8a\xd5\xbf\x94=\x94\x98\x03\xb7\xf3\xa2\x9a`d$\xae\xa3\x86p}\x8d\x1ek\xe3\x19|\x7f\xbch\xa2\x9d\x85q\xad#\x9c\x82\xcd\x83\xd8\x9a(\xa2\x90\x8f'}, {'_': 'PhotoSize', 'type': 'm', 'location': {'_': 'FileLocationToBeDeprecated', 'volume_id': 100033100192, 'local_id': 50774}, 'w': 192, 'h': 320, 'size': 20828}, {'_': 'PhotoSize', 'type': 'x', 'location': {'_': 'FileLocationToBeDeprecated', 'volume_id': 100033100192, 'local_id': 50775}, 'w': 481, 'h': 800, 'size': 87435}, {'_': 'PhotoSize', 'type': 'y', 'location': {'_': 'FileLocationToBeDeprecated', 'volume_id': 100033100192, 'local_id': 50776}, 'w': 770, 'h': 1280, 'size': 126008}], 'dc_id': 1, 'has_stickers': False, 'video_sizes': []}, 'ttl_seconds': None}",0.0,0.0,The government is illegitimate.,0.0,"{'_': 'PeerChannel', 'channel_id': 1179904205}",0.0,1.0,,,,,[],0.0,,462.0,
26,Message,2020-11-25 00:33:56+00:00,,0.0,"[{'_': 'MessageEntityUrl', 'offset': 60, 'length': 103}]",2.0,,0.0,"{'_': 'MessageFwdHeader', 'date': datetime.datetime(2020, 11, 25, 0, 8, 22, tzinfo=datetime.timezone.utc), 'from_id': {'_': 'PeerChannel', 'channel_id': 1182851985}, 'from_name': None, 'channel_post': 28665, 'post_author': None, 'saved_from_peer': None, 'saved_from_msg_id': None, 'psa_type': None}",,21.0,0.0,"{'_': 'MessageMediaWebPage', 'webpage': {'_': 'WebPage', 'id': 4625792332633216710, 'url': 'https://www.washingtonexaminer.com/politics/new-mexico-governor-shuts-down-grocery-stores-for-two-weeks', 'display_url': 'washingtonexaminer.com/politics/new-mexico-governor-shuts-down-grocery-stores-for-two-weeks', 'hash': -65321049, 'type': 'photo', 'site_name': 'Washington Examiner', 'title': 'New Mexico governor shuts down grocery stores for two weeks', 'description': 'A dozen grocery stores around the state have been forced to close for two weeks because of a public health order issued by Gov. Michelle Lujan Grisham at a time when the state‚Äôs residents are suffering from record high unemployment and food insecurity, critics say.', 'photo': {'_': 'Photo', 'id': 5903605842148699052, 'access_hash': -2542893013703639994, 'file_reference': b'\x00_\xfe\x9b\xfdz\x18\xe9h2Ag\xc3\x04\xc9\xef\xb8""\x92\xe8\xf2', 'date': datetime.datetime(2020, 11, 24, 15, 16, 22, tzinfo=datetime.timezone.utc), 'sizes': [{'_': 'PhotoStrippedSize', 'type': 'i', 'bytes': b""\x01\x17(\xb5c9\x91>g\xc9\xabL\xea\x9c\xb3\x01\xf5\xac{'h\x89\xd8G\xe3N\xba\xf3%p\xccq\x8fJW\x0b\x13\xdf^I\x14\x84!\xf9B\xe7\x8f\xaf\xadSY$\x96X\xe5 \xe7\xd4v\xa43\x18\xc0S\x87\xdb\xce\r5\xe7\x8f\xe5\x01\nc\x9f\x94\xd2i\xeeR\xb0\xb3N\xf3I\xf3\xbf?\xca\x8a\x89H\xdd\xbcr}\xe8\xa0\xa8\xc54I\xbc\xff\x00x\xfetn\xa2\x8afdO\xc98\xeai\x85?:(\xa6\x05\x88\xa3V\xb5g\x1fysE\x14P5&\x8f""}, {'_': 'PhotoSize', 'type': 'm', 'location': {'_': 'FileLocationToBeDeprecated', 'volume_id': 400096900115, 'local_id': 172483}, 'w': 320, 'h': 180, 'size': 18274}, {'_': 'PhotoSize', 'type': 'x', 'location': {'_': 'FileLocationToBeDeprecated', 'volume_id': 400096900115, 'local_id': 172484}, 'w': 800, 'h': 450, 'size': 88950}, {'_': 'PhotoSize', 'type': 'y', 'location': {'_': 'FileLocationToBeDeprecated', 'volume_id': 400096900115, 'local_id': 172485}, 'w': 1200, 'h': 675, 'size': 177750}], 'dc_id': 4, 'has_stickers': False, 'video_sizes': []}, 'embed_url': None, 'embed_type': None, 'embed_width': None, 'embed_height': None, 'duration': None, 'author': 'Bethany Blankley, The Center Square', 'document': None, 'cached_page': {'_': 'Page', 'url': 'https://www.washingtonexaminer.com/politics/new-mexico-governor-shuts-down-grocery-stores-for-two-weeks', 'blocks': [{'_': 'PageBlockTitle', 'text': {'_': 'TextPlain', 'text': 'New Mexico governor shuts down grocery stores for two weeks'}}, {'_': 'PageBlockAuthorDate', 'author': {'_': 'TextPlain', 'text': 'Bethany Blankley, The Center Square'}, 'published_date': datetime.datetime(2020, 11, 24, 15, 0, 56, tzinfo=datetime.timezone.utc)}, {'_': 'PageBlockParagraph', 'text': {'_': 'TextPlain', 'text': 'A dozen grocery stores around the state have been forced to close for two weeks because of a public health order issued by Gov. Michelle Lujan Grisham at a time when the state‚Äôs residents are suffering from record high unemployment and food insecurity, critics say.'}}, {'_': 'PageBlockParagraph', 'text': {'_': 'TextPlain', 'text': 'The order requires businesses with four or more rapid responses of COVID-19 cases reported within in a 14-day period to close for two weeks.'}}, {'_': 'PageBlockParagraph', 'text': {'_': 'TextPlain', 'text': 'More than 25 essential businesses were shut down as of Monday afternoon, including a number of grocery stores and major retailers.'}}, {'_': 'PageBlockParagraph', 'text': {'_': 'TextPlain', 'text': 'The closures include two Walmarts in Albuquerque and one in Santa Fe, an Albertson‚Äôs in Roswell, a Smiths Food & Drug Center in Albuquerque and New Mexico Food Distribution Center in Albuquerque.'}}, {'_': 'PageBlockParagraph', 'text': {'_': 'TextConcat', 'texts': [{'_': 'TextPlain', 'text': 'The state‚Äôs environment department has published a complete list of businesses that have been closed due to employees testing positive for COVID-19, as well as a '}, {'_': 'TextBold', 'text': {'_': 'TextUrl', 'text': {'_': 'TextPlain', 'text': 'watch list'}, 'url': 'https://www.env.nm.gov/rapid-response-data/', 'webpage_id': 0}}, {'_': 'TextPlain', 'text': ', and FAQ about the watch list.'}]}}, {'_': 'PageBlockParagraph', 'text': {'_': 'TextPlain', 'text': 'Access to purchase food is now limited because of another order issued by the governor requiring capacity limitations at all stores. New Mexicans are now waiting outside, standing in line for up to two hours, local news reports indicate, which the governor‚Äôs office has disputed.'}}, {'_': 'PageBlockParagraph', 'text': {'_': 'TextPlain', 'text': 'The governor‚Äôs office said, ‚ÄúThe state is not forcing anyone to stand in a crowded line, as you suggest,‚Äù in response to requests for comment from KOB4 News TV.'}}, {'_': 'PageBlockParagraph', 'text': {'_': 'TextConcat', 'texts': [{'_': 'TextPlain', 'text': 'But John Block at '}, {'_': 'TextBold', 'text': {'_': 'TextUrl', 'text': {'_': 'TextPlain', 'text': 'PInon Post'}, 'url': 'https://pinonpost.com/false-mlgs-office-claims-lines-of-people-waiting-outside-of-grocery-stores-just-gop-talking-points/', 'webpage_id': 0}}, {'_': 'TextPlain', 'text': ' says the governor‚Äôs office claims are ‚Äúuntrue and easily disprovable.‚Äù He posted photos of New Mexicans waiting in long lines outside of grocery stores with dates and time stamps. The photos were taken between Nov. 13 and Nov. 23.'}]}}, {'_': 'PageBlockParagraph', 'text': {'_': 'TextPlain', 'text': '‚ÄúUpon the news that limits of 75 people inside each store, retailers pre-emptively began limiting capacities to begin compliance with the mandate,‚Äù Block said.'}}, {'_': 'PageBlockParagraph', 'text': {'_': 'TextConcat', 'texts': [{'_': 'TextPlain', 'text': 'The governor‚Äôs office issued a statement to '}, {'_': 'TextBold', 'text': {'_': 'TextUrl', 'text': {'_': 'TextPlain', 'text': 'KOB4 News TV'}, 'url': 'https://www.kob.com/new-mexico-news/new-mexico-grocery-stores-to-remain-closed-under-governorrsquos-public-health-order/5931447/?cat=500', 'webpage_id': 0}}, {'_': 'TextPlain', 'text': "", saying, ‚ÄúThere is no community in the state of New Mexico where COVID-19 closures have closed off all food and water or medicine options for any community or group of people. Every single community where the virus is forcing closures has alternate stores, alternate resources. Moreover, stores are only ordered closed for the protection of public safety when the store's staff members have an abundance of COVID-19 infections among them ‚Äì surely you and everyone in New Mexico can agree that not one of us would like to be shopping among staff that are contagious.‚Äù""}]}}, {'_': 'PageBlockParagraph', 'text': {'_': 'TextPlain', 'text': 'But Larry Behrens, Western States Director for Power The Future, disagrees. He told The Center Square, ‚ÄúOur state currently suffers from high unemployment brought on by the same governor who passed a controversial energy law that will kill jobs and raise electric rates. The fact she will keep cashing her taxpayer-funded paycheck while her constituents stand in line for food should surprise no one.‚Äù'}}, {'_': 'PageBlockParagraph', 'text': {'_': 'TextPlain', 'text': 'Less than six months after the state‚Äôs shutdown began, a report by Feeding America found that New Mexico was one of the worst food-insecure states in the country. The coronavirus has had a devastating impact on people facing hunger across the country, Feeding America found in a recent report, especially in New Mexico.'}}, {'_': 'PageBlockParagraph', 'text': {'_': 'TextPlain', 'text': 'In 2019, 315,990 New Mexicans, including 114,180 children, did not have adequate access to nutritious food, Feeding America reported, a problem that existed well before record unemployment plagued the state. The organization estimates the number to grow to 434,570, including 162,960 children, or 21 percent, by the end of 2020.'}}, {'_': 'PageBlockParagraph', 'text': {'_': 'TextConcat', 'texts': [{'_': 'TextPlain', 'text': 'People in need of food assistance can use a free '}, {'_': 'TextBold', 'text': {'_': 'TextUrl', 'text': {'_': 'TextPlain', 'text': 'Online Food Finder'}, 'url': 'https://www.kob.com/new-mexico-news/new-mexico-grocery-stores-to-remain-closed-under-governorrsquos-public-health-order/5931447/?cat=500', 'webpage_id': 0}}, {'_': 'TextPlain', 'text': ' tool created by Roadrunner Food Bank. New Mexicans can also call Roadrunner‚Äôs food assistance line for help at 505-349-5340 or 575-523-4390.'}]}}, {'_': 'PageBlockParagraph', 'text': {'_': 'TextPlain', 'text': 'State officials also encourage anyone without access to a local grocery store to call the COVID-19 hotline at 1-833-551-0518.'}}], 'photos': [], 'documents': [], 'part': False, 'rtl': False, 'v2': False, 'views': None}, 'attributes': []}}",0.0,0.0,"New Mexico governor shuts down grocery stores for two weeks
https://www.washingtonexaminer.com/politics/new-mexico-governor-shuts-down-grocery-stores-for-two-weeks",0.0,"{'_': 'PeerChannel', 'channel_id': 1179904205}",0.0,1.0,,,,,[],0.0,,478.0,
27,Message,2020-11-15 01:31:22+00:00,,0.0,"[{'_': 'MessageEntityCode', 'offset': 3, 'length': 27}]",3.0,,0.0,"{'_': 'MessageFwdHeader', 'date': datetime.datetime(2020, 8, 8, 7, 27, 6, tzinfo=datetime.timezone.utc), 'from_id': {'_': 'PeerChannel', 'channel_id': 1182851985}, 'from_name': None, 'channel_post': 20268, 'post_author': None, 'saved_from_peer': None, 'saved_from_msg_id': None, 'psa_type': None}",,20.0,0.0,"{'_': 'MessageMediaDocument', 'document': {'_': 'Document', 'id': 5003671616060654024, 'access_hash': -7866814819797775811, 'file_reference': b'\x02FS\xe8\xcd\x00\x00\x00\x14_\xfe\x9b\xfd\x82<\x1f\xf0)/\x06\xf1\x15\x19V\x1df\xba\x82\xe4', 'date': datetime.datetime(2020, 8, 8, 7, 27, 6, tzinfo=datetime.timezone.utc), 'mime_type': 'video/mp4', 'size': 113674820, 'dc_id': 1, 'attributes': [{'_': 'DocumentAttributeVideo', 'duration': 230, 'w': 854, 'h': 480, 'round_message': False, 'supports_streaming': True}, {'_': 'DocumentAttributeFilename', 'file_name': 'accelerate-2020-480p.mp4'}], 'thumbs': [{'_': 'PhotoStrippedSize', 'type': 'i', 'bytes': b'\x01\x16(\xca\x82#+`\x0e\x9c\x9faS\\\xc0\x17\xf7\x88\x9bP\xf1\x8c\xe7\x15kIU\xf2fc\xd7 g\x15%\xdb$V\xef\x0c\x9c3\x0c\x80\x16\x9d\xc0\xcfX7D_\xb0\xa8x\xf4\xab\x89\xbf\xec\xbd\xbe\xe9\xe6\xa9\xed#\xb54\xfb\x8d\xdb\xa0\x87\x1d\xa8\xa5m\xb8\x18\xebE&""H.^\x00@\xe4\x1eqS\rFL\x92T\x1c\xfa\xd1E \x17\xfbI\xff\x00\xe7\x9a\xd2\x7fh\xc8I\xf9\x14QE\x00A<\xed1\x05\xbb\x0cQE\x14\x01'}, {'_': 'PhotoSize', 'type': 'm', 'location': {'_': 'FileLocationToBeDeprecated', 'volume_id': 100016500489, 'local_id': 23566}, 'w': 320, 'h': 180, 'size': 11944}], 'video_thumbs': []}, 'ttl_seconds': None}",0.0,0.0,üî• A C C E L E R A T E 2 0 2 0 üî•,0.0,"{'_': 'PeerChannel', 'channel_id': 1179904205}",0.0,1.0,,,,,[],0.0,,518.0,
28,Message,2020-11-07 17:08:28+00:00,,0.0,"[{'_': 'MessageEntityUrl', 'offset': 196, 'length': 19}]",5.0,,0.0,"{'_': 'MessageFwdHeader', 'date': datetime.datetime(2020, 11, 7, 17, 7, 41, tzinfo=datetime.timezone.utc), 'from_id': {'_': 'PeerChannel', 'channel_id': 1182851985}, 'from_name': None, 'channel_post': 26939, 'post_author': None, 'saved_from_peer': None, 'saved_from_msg_id': None, 'psa_type': None}",,19.0,0.0,"{'_': 'MessageMediaPhoto', 'photo': {'_': 'Photo', 'id': 4985567354406676650, 'access_hash': -7013493853638903326, 'file_reference': b'\x02FS\xe8\xcd\x00\x00\x00\x13_\xfe\x9b\xfd}\xadd)\x92\x01\xf2\x86\xd2t\xa5\xd5\xf4\x03{,', 'date': datetime.datetime(2020, 11, 7, 17, 7, 41, tzinfo=datetime.timezone.utc), 'sizes': [{'_': 'PhotoStrippedSize', 'type': 'i', 'bytes': b""\x01\x1e(\xce\xec:~t\xa4\x9fE\xfd(\x1bx\xe0\xe7\xe9FS\x1ft\xfeT\xc4'=>O\xd2\x93i\xf5\x1f\x9d;)\xfd\xd3\xf9Q\x95\xfe\xef\xe9@\r\xc1\x1c\xf1\xf9\xd1I\x8a(\x02@[\x1f\xc3\xd3\xfb\xdf\xfdz]\xcd\xfe\xcf\xfd\xf7\xff\x00\xd7\xa8\xff\x00\x1a\x0f\xd6\x80\x1e]\x87\\\x1f\xa3\x7f\xf5\xe9\x9b\xdb\xb1 zf\x86\xebI@\nY\x8fRO\xe3E%\x14\x01""}, {'_': 'PhotoSize', 'type': 'm', 'location': {'_': 'FileLocationToBeDeprecated', 'volume_id': 100017500287, 'local_id': 131262}, 'w': 320, 'h': 238, 'size': 20630}, {'_': 'PhotoSize', 'type': 'x', 'location': {'_': 'FileLocationToBeDeprecated', 'volume_id': 100017500287, 'local_id': 131263}, 'w': 800, 'h': 596, 'size': 62164}], 'dc_id': 1, 'has_stickers': False, 'video_sizes': []}, 'ttl_seconds': None}",0.0,0.0,Everyone who donated to either political candidate has been plotted on a map. Antifa plan on confronting Trump donors. Warn everyone you know immediately. They need to know their neighbors too üòß https://donor.watch,0.0,"{'_': 'PeerChannel', 'channel_id': 1179904205}",0.0,1.0,,,,,[],0.0,,809.0,
29,Message,2020-11-07 17:00:47+00:00,,0.0,"[{'_': 'MessageEntityUrl', 'offset': 199, 'length': 19}]",2.0,,0.0,"{'_': 'MessageFwdHeader', 'date': datetime.datetime(2020, 11, 7, 16, 55, 43, tzinfo=datetime.timezone.utc), 'from_id': {'_': 'PeerChannel', 'channel_id': 1182851985}, 'from_name': None, 'channel_post': 26938, 'post_author': None, 'saved_from_peer': None, 'saved_from_msg_id': None, 'psa_type': None}",,18.0,0.0,"{'_': 'MessageMediaWebPage', 'webpage': {'_': 'WebPage', 'id': 4168480359592920206, 'url': 'https://donor.watch/', 'display_url': 'donor.watch', 'hash': 0, 'type': 'article', 'site_name': 'donor.watch', 'title': 'Political Donor Profiles - Donor.Watch', 'description': 'Donor.Watch - Political Donors', 'photo': None, 'embed_url': None, 'embed_type': None, 'embed_width': None, 'embed_height': None, 'duration': None, 'author': None, 'document': None, 'cached_page': None, 'attributes': []}}",0.0,0.0,"Show this to everyone you know immediately. I'm dead serious. This website plots everyone who donated to either political candidate on a map. Your friends and family need to know their neighborhood.
https://donor.watch",0.0,"{'_': 'PeerChannel', 'channel_id': 1179904205}",0.0,1.0,,,,,[],0.0,,688.0,
30,Message,2020-11-03 04:10:23+00:00,,0.0,[],,,0.0,"{'_': 'MessageFwdHeader', 'date': datetime.datetime(2020, 11, 3, 3, 9, 49, tzinfo=datetime.timezone.utc), 'from_id': {'_': 'PeerChannel', 'channel_id': 1233709259}, 'from_name': None, 'channel_post': 14894, 'post_author': None, 'saved_from_peer': None, 'saved_from_msg_id': None, 'psa_type': None}",,17.0,0.0,,0.0,0.0,This channel can‚Äôt be displayed because it violated Telegram's Terms of Service.,0.0,"{'_': 'PeerChannel', 'channel_id': 1179904205}",0.0,1.0,,,,,"[{'_': 'RestrictionReason', 'platform': 'all', 'reason': 'terms', 'text': ""This message couldn't be displayed on your device because it violates the Telegram Terms of Service.""}]",0.0,,,
31,Message,2020-10-12 06:06:02+00:00,,0.0,[],2,,0.0,"{'_': 'MessageFwdHeader', 'date': datetime.datetime(2020, 10, 12, 3, 39, 26, tzinfo=datetime.timezone.utc), 'from_id': {'_': 'PeerChannel', 'channel_id': 1161786523}, 'from_name': None, 'channel_post': 3484, 'post_author': None, 'saved_from_peer': None, 'saved_from_msg_id': None, 'psa_type': None}",,16.0,0.0,"{'_': 'MessageMediaPhoto', 'photo': {'_': 'Photo', 'id': 4909284362953009445, 'access_hash': 2717805159545228932, 'file_reference': b'\x02FS\xe8\xcd\x00\x00\x00\x10_\xfe\x9b\xfd\xffu\xa1\x91\xe3\xb3\xceT#q\x17\xec2\xae\xd2\xeb', 'date': datetime.datetime(2020, 10, 12, 3, 39, 25, tzinfo=datetime.timezone.utc), 'sizes': [{'_': 'PhotoStrippedSize', 'type': 'i', 'bytes': b'\x01(%\xa4\xb2F-\xca\x14%\xb3\x9c\xd4[\x97\xfb\xb5""g`\xc6\x7fJ9\xc0\xeb\xe9\xda\x98\x88\xc9\x1d\x856\xa6\xe7\xdf\xf4\xa4-\xb7\x19\'\xf2\x14\x01\x15\x14\xa7\x19\xe34P\x03\x8602\x07\xe6i~_E\xfc\xcd*\x83\x81\x82\xdf\x95.\xd6\xc7V\xe7\xfd\x9a\x00o\xcb\xe8\xbf\x99\xa4;H\xe3h?SK\xe5\xff\x00\xbd\xff\x00|\xd1\xe5\xff\x00\xbd\xff\x00|\xd0\x03\x08\xc7ph\xa5`\x01\xe0\x9f\xca\x8a\x00?\x87\xa0\xfa\xd2`\xd1E\x00\x184r(\xa2\x98\x84\xa2\x8a)\x0c'}, {'_': 'PhotoSize', 'type': 'm', 'location': {'_': 'FileLocationToBeDeprecated', 'volume_id': 100008100327, 'local_id': 163560}, 'w': 299, 'h': 320, 'size': 26540}, {'_': 'PhotoSize', 'type': 'x', 'location': {'_': 'FileLocationToBeDeprecated', 'volume_id': 100008100327, 'local_id': 163561}, 'w': 747, 'h': 800, 'size': 98549}, {'_': 'PhotoSize', 'type': 'y', 'location': {'_': 'FileLocationToBeDeprecated', 'volume_id': 100008100327, 'local_id': 163558}, 'w': 811, 'h': 869, 'size': 80207}], 'dc_id': 1, 'has_stickers': False, 'video_sizes': []}, 'ttl_seconds': None}",0.0,0.0,,0.0,"{'_': 'PeerChannel', 'channel_id': 1179904205}",0.0,1.0,,,,,[],0.0,,871,
32,Message,2020-09-17 15:42:00+00:00,,0.0,[],2,,0.0,"{'_': 'MessageFwdHeader', 'date': datetime.datetime(2020, 9, 17, 15, 33, 37, tzinfo=datetime.timezone.utc), 'from_id': {'_': 'PeerChannel', 'channel_id': 1161786523}, 'from_name': None, 'channel_post': 3129, 'post_author': None, 'saved_from_peer': None, 'saved_from_msg_id': None, 'psa_type': None}",,15.0,0.0,"{'_': 'MessageMediaPhoto', 'photo': {'_': 'Photo', 'id': 5125363330096146565, 'access_hash': 8175333011232415256, 'file_reference': b'\x02FS\xe8\xcd\x00\x00\x00\x0f_\xfe\x9b\xfd\xf9{I\r\x0e\x9bQ\xaa*\x10\x87|Qb\xb8\xbe', 'date': datetime.datetime(2020, 9, 17, 15, 33, 37, tzinfo=datetime.timezone.utc), 'sizes': [{'_': 'PhotoStrippedSize', 'type': 'i', 'bytes': b""\x01('\xa5\x1b\xc2-\x9dX\x1d\xe7\xa5G\xb9?\xba?_\xf1\xa4\x07\x8e\xa3\xf1\x14\xb9\xf7_\xca\x98\x80\xb2\xf6A\xfa\xff\x00\x8d2\xa4\xcf\xba\xfeT\x99\xe3\xaa\xfeT\x00\xca)I\xcf\xa7\xe5E\x00=I\t\xc6\xef\xe9I\x99\x07\xaf\xe5B\xfd\xde\xdf\x9d8\x91\xe8?\xef\xaa\x00L\xc8?\xbd\xf9Q\x993\xfcY\xfaQ\x91\x8e\xdf\xf7\xd5 q\xfd\xdf\xd4\xd0\x02\x16c\xc14R\x12\t\xe0b\x8a\x00p\xc69#\xf24\xa7o\xaa\xfeF\x8a(\x01\xbb\xbf\xd9\x14n\xf6\x14Q@\x08N{\x01E\x14P\x07""}, {'_': 'PhotoSize', 'type': 'm', 'location': {'_': 'FileLocationToBeDeprecated', 'volume_id': 806526659, 'local_id': 174225}, 'w': 311, 'h': 320, 'size': 25325}, {'_': 'PhotoSize', 'type': 'x', 'location': {'_': 'FileLocationToBeDeprecated', 'volume_id': 806526659, 'local_id': 174226}, 'w': 777, 'h': 800, 'size': 94379}, {'_': 'PhotoSize', 'type': 'y', 'location': {'_': 'FileLocationToBeDeprecated', 'volume_id': 806526659, 'local_id': 174223}, 'w': 808, 'h': 832, 'size': 71182}], 'dc_id': 1, 'has_stickers': False, 'video_sizes': []}, 'ttl_seconds': None}",0.0,0.0,,0.0,"{'_': 'PeerChannel', 'channel_id': 1179904205}",0.0,1.0,,,,,[],0.0,,1006,
33,Message,2020-09-05 01:26:33+00:00,,0.0,[],,,0.0,"{'_': 'MessageFwdHeader', 'date': datetime.datetime(2020, 9, 4, 22, 11, 42, tzinfo=datetime.timezone.utc), 'from_id': {'_': 'PeerChannel', 'channel_id': 1421964750}, 'from_name': None, 'channel_post': 6069, 'post_author': 'Drengr', 'saved_from_peer': None, 'saved_from_msg_id': None, 'psa_type': None}",,14.0,0.0,,0.0,0.0,This channel can‚Äôt be displayed because it violated Telegram's Terms of Service.,0.0,"{'_': 'PeerChannel', 'channel_id': 1179904205}",0.0,1.0,,,,,"[{'_': 'RestrictionReason', 'platform': 'all', 'reason': 'terms', 'text': ""This message couldn't be displayed on your device because it violates the Telegram Terms of Service.""}]",0.0,,,
34,Message,2020-08-28 23:15:26+00:00,,0.0,[],1,,0.0,"{'_': 'MessageFwdHeader', 'date': datetime.datetime(2020, 8, 28, 6, 10, 11, tzinfo=datetime.timezone.utc), 'from_id': {'_': 'PeerChannel', 'channel_id': 1179904205}, 'from_name': None, 'channel_post': 5, 'post_author': None, 'saved_from_peer': None, 'saved_from_msg_id': None, 'psa_type': None}",,13.0,0.0,,0.0,0.0,If my Twitter is banned I will publish the new one here,0.0,"{'_': 'PeerChannel', 'channel_id': 1179904205}",0.0,1.0,,,,,[],0.0,,1132,
35,Message,2020-08-28 23:15:26+00:00,,0.0,[],3,,0.0,"{'_': 'MessageFwdHeader', 'date': datetime.datetime(2020, 8, 28, 3, 39, 32, tzinfo=datetime.timezone.utc), 'from_id': {'_': 'PeerChannel', 'channel_id': 1179904205}, 'from_name': None, 'channel_post': 4, 'post_author': None, 'saved_from_peer': None, 'saved_from_msg_id': None, 'psa_type': None}",,12.0,0.0,"{'_': 'MessageMediaPhoto', 'photo': {'_': 'Photo', 'id': 5062382311919692079, 'access_hash': 7612670356082212296, 'file_reference': b'\x02FS\xe8\xcd\x00\x00\x00\x0c_\xfe\x9b\xfd\xe9\x98\x92\xafX\xb1\x87\x95J?%f\x02\x86t\xa5', 'date': datetime.datetime(2020, 8, 28, 3, 39, 32, tzinfo=datetime.timezone.utc), 'sizes': [{'_': 'PhotoStrippedSize', 'type': 'i', 'bytes': b""\x01\x1c(\xa4\x90\xccP\x14\x85\x88=\xf6\x13\x9aSorF<\x97\xc1\xff\x00\xa6g\xfc+f\xcc9\xb5\x89\xb7\xe16\x0e1V\x07_\xbeO\xe5N\xe29\xcf\xb2\\\x7f\xcf\x19?\xef\x83K\xf69\xf1\xfe\xa9\xff\x00\xef\x83\xfe\x15\xd2\x0e;\xb7\xe5J\x0f\xd6\x8b\x81\xcc\x1bi\xc0$\xc3 \x03\xb9CEt\x93\xf3o'\xfb\xa7\xf9Q@\x11\xdasc\x0f\xfb\x82\xa5\xda}O\xe7\\\xf2\\\xce\xaa\x15fp\x07\x00\x03G\xda\xee\x7f\xe7\xbc\x9f\xf7\xd5\x16\x03\xa1\xda}[\xf3\xa5\x03\xeb\xf9\xd7:n\xee\x7f\xe7\xbc\x9f\xf7\xd5'\xdb.\x7f\xe7\xbc\x9f\xf7\xd5\x16\x0b\x9d\x0c\xc3\x16\xf2u\xfb\xa7\xbf\xb5\x15\xce\x9b\xbb\x86\x1bL\xf2\x10x\xebE ?""}, {'_': 'PhotoSize', 'type': 'm', 'location': {'_': 'FileLocationToBeDeprecated', 'volume_id': 806528921, 'local_id': 150291}, 'w': 320, 'h': 222, 'size': 16046}, {'_': 'PhotoSize', 'type': 'x', 'location': {'_': 'FileLocationToBeDeprecated', 'volume_id': 806528921, 'local_id': 150292}, 'w': 800, 'h': 556, 'size': 55172}, {'_': 'PhotoSize', 'type': 'y', 'location': {'_': 'FileLocationToBeDeprecated', 'volume_id': 806528921, 'local_id': 150289}, 'w': 907, 'h': 630, 'size': 63944}], 'dc_id': 1, 'has_stickers': False, 'video_sizes': []}, 'ttl_seconds': None}",0.0,0.0,They're reporting me more than ever on Twitter so you can find my new posts that won't violate the Twitter ToS here on Telegram,0.0,"{'_': 'PeerChannel', 'channel_id': 1179904205}",0.0,1.0,,,,,[],0.0,,1013,
36,Message,2020-08-28 23:15:25+00:00,,0.0,[],4,,0.0,"{'_': 'MessageFwdHeader', 'date': datetime.datetime(2020, 8, 28, 3, 35, 46, tzinfo=datetime.timezone.utc), 'from_id': {'_': 'PeerChannel', 'channel_id': 1179904205}, 'from_name': None, 'channel_post': 3, 'post_author': None, 'saved_from_peer': None, 'saved_from_msg_id': None, 'psa_type': None}",,11.0,0.0,,0.0,0.0,"White people,

If you're legally able to, get yourself a reliable firearms and carry it everywhere you go.

If someone tries to threaten your physical safety or the safety of your loves ones, make them fucking regret it.

Law enforcement isn't looking out for you anymore.",0.0,"{'_': 'PeerChannel', 'channel_id': 1179904205}",0.0,1.0,,,,,[],0.0,,921,
37,Message,2020-08-28 23:13:30+00:00,,0.0,[],,,0.0,"{'_': 'MessageFwdHeader', 'date': datetime.datetime(2020, 5, 23, 4, 39, 18, tzinfo=datetime.timezone.utc), 'from_id': {'_': 'PeerChannel', 'channel_id': 1421964750}, 'from_name': None, 'channel_post': 1520, 'post_author': 'Drengr', 'saved_from_peer': None, 'saved_from_msg_id': None, 'psa_type': None}",,10.0,0.0,,0.0,0.0,This channel can‚Äôt be displayed because it violated Telegram's Terms of Service.,0.0,"{'_': 'PeerChannel', 'channel_id': 1179904205}",0.0,1.0,,,,,"[{'_': 'RestrictionReason', 'platform': 'all', 'reason': 'terms', 'text': ""This message couldn't be displayed on your device because it violates the Telegram Terms of Service.""}]",0.0,,,
38,Message,2020-08-28 23:13:30+00:00,,0.0,[],,,0.0,"{'_': 'MessageFwdHeader', 'date': datetime.datetime(2020, 5, 23, 4, 39, 13, tzinfo=datetime.timezone.utc), 'from_id': {'_': 'PeerChannel', 'channel_id': 1421964750}, 'from_name': None, 'channel_post': 1519, 'post_author': 'Drengr', 'saved_from_peer': None, 'saved_from_msg_id': None, 'psa_type': None}",,9.0,0.0,,0.0,0.0,This channel can‚Äôt be displayed because it violated Telegram's Terms of Service.,0.0,"{'_': 'PeerChannel', 'channel_id': 1179904205}",0.0,1.0,,,,,"[{'_': 'RestrictionReason', 'platform': 'all', 'reason': 'terms', 'text': ""This message couldn't be displayed on your device because it violates the Telegram Terms of Service.""}]",0.0,,,
39,Message,2020-08-28 22:42:25+00:00,,0.0,[],6,,0.0,"{'_': 'MessageFwdHeader', 'date': datetime.datetime(2019, 7, 2, 7, 56, 32, tzinfo=datetime.timezone.utc), 'from_id': {'_': 'PeerChannel', 'channel_id': 1383839266}, 'from_name': None, 'channel_post': 272, 'post_author': None, 'saved_from_peer': None, 'saved_from_msg_id': None, 'psa_type': None}",,8.0,0.0,"{'_': 'MessageMediaDocument', 'document': {'_': 'Document', 'id': 4963506374693617741, 'access_hash': 1018513508778565252, 'file_reference': b'\x02FS\xe8\xcd\x00\x00\x00\x08_\xfe\x9b\xfdP\x85\xc1[\x9df_\xd7\xc9\xab\xf5\xf7\xe6->\xc6', 'date': datetime.datetime(2019, 7, 3, 2, 7, 15, tzinfo=datetime.timezone.utc), 'mime_type': 'video/mp4', 'size': 274673302, 'dc_id': 1, 'attributes': [{'_': 'DocumentAttributeVideo', 'duration': 267, 'w': 1440, 'h': 1080, 'round_message': False, 'supports_streaming': True}, {'_': 'DocumentAttributeFilename', 'file_name': 'Pumped Up kicks remix final updated version.mp4'}], 'thumbs': [{'_': 'PhotoStrippedSize', 'type': 'i', 'bytes': b'\x01\x1e(\xc9X\xa4r\x15P\x92z\x01H\xd1\xb2gr\x91\x8a\xbbj\x92y\xa8\xc0c\x03 \x9e*+\xb7/3\x93\xfd\xee\xe3\x19\xa0\n\xb84`\xd4\xa1\x90u@\x7f\x13FS?tc\xeah\x02,\x1a)\xe7\x07\x91\x81\xedE\x00_\xb6\x946\xd5n\x00\xe9\x9af\xa0\x01\xf2\xdc\x11\x92\x8385B\x8a\x00u\x14\xca(\x01\xf4S(\xa0\x0f'}, {'_': 'PhotoSize', 'type': 's', 'location': {'_': 'FileLocationToBeDeprecated', 'volume_id': 107708962, 'local_id': 16721}, 'w': 90, 'h': 67, 'size': 1630}], 'video_thumbs': []}, 'ttl_seconds': None}",0.0,0.0,"""Demoralize the enemy from within by surprise, terror, sabotage, assassination. This is the war of the future"" - Adolf Hitler",0.0,"{'_': 'PeerChannel', 'channel_id': 1179904205}",0.0,1.0,,,,,[],0.0,,833,
40,Message,2020-08-28 22:42:10+00:00,,0.0,"[{'_': 'MessageEntityMention', 'offset': 0, 'length': 19}]",0,,0.0,"{'_': 'MessageFwdHeader', 'date': datetime.datetime(2020, 8, 26, 7, 19, 11, tzinfo=datetime.timezone.utc), 'from_id': {'_': 'PeerChannel', 'channel_id': 1259760869}, 'from_name': None, 'channel_post': 4160, 'post_author': None, 'saved_from_peer': None, 'saved_from_msg_id': None, 'psa_type': None}",,7.0,0.0,"{'_': 'MessageMediaPhoto', 'photo': {'_': 'Photo', 'id': 5057595669652548383, 'access_hash': -803456922928137167, 'file_reference': b'\x02FS\xe8\xcd\x00\x00\x00\x07_\xfe\x9b\xfd\x9d\xc1\xbb\x08\xaa\x1f\xa8f\xa1\x0f\xddU9:\xc6\xd7', 'date': datetime.datetime(2020, 8, 26, 6, 38, 56, tzinfo=datetime.timezone.utc), 'sizes': [{'_': 'PhotoStrippedSize', 'type': 'i', 'bytes': b'\x01\x1e(\xaa0\xeb\xea\x08\xa28V3\xbc 8\xee\xc3=\xbd*\xa2HU\x97$\xe0\x1f\xd2\xb4\x98\x97s\x032\x92\xccFS\x82\x07Q\xf5\xa9\xb36S\x8a\xe84\xa9\x98`\xaa\x90\x08\xc8\xda3\xf8S&\xd9\x1e6\xf0\x87\xa6{{T\xf2[\xa46\xec\xf0\xac\x9ej\xfa\xe7\x9f\xf2*\xa5\xdbn\x89N\xe7;\x9d\x88\x0f\xd4\x0e?\xcf\xe1E\x83\xdauH\x86\xe0\xa9\xc6\xd2:\x9e\x94T\x14SJ\xc6r|\xce\xe1V\xa2\xb8m\x88\x9bNW\xb8=G\xbdC\x04~l\xaa\x99\xc6j\xdb\xc7\x18\x88\xaa.3\xdf\xbd2I\xe1\xba\x060\x81\xb79\xe9\xedU%\x1fi>a;[\xa1\x1e\x95\r\xbc\x8692+F9\x15\xc8W@I\x03\x9a\x00\xcbx\xd9\x0f#\xf1\xa2\xaf\xb6\x0f p{Q@\x1f'}, {'_': 'PhotoSize', 'type': 'm', 'location': {'_': 'FileLocationToBeDeprecated', 'volume_id': 100008000137, 'local_id': 104095}, 'w': 320, 'h': 240, 'size': 23183}, {'_': 'PhotoSize', 'type': 'x', 'location': {'_': 'FileLocationToBeDeprecated', 'volume_id': 100008000137, 'local_id': 104096}, 'w': 800, 'h': 599, 'size': 90727}, {'_': 'PhotoSize', 'type': 'y', 'location': {'_': 'FileLocationToBeDeprecated', 'volume_id': 100008000137, 'local_id': 104093}, 'w': 1280, 'h': 959, 'size': 147616}], 'dc_id': 1, 'has_stickers': False, 'video_sizes': []}, 'ttl_seconds': None}",0.0,0.0,@NationalRevivalist,0.0,"{'_': 'PeerChannel', 'channel_id': 1179904205}",0.0,1.0,,,,,"[{'_': 'RestrictionReason', 'platform': 'ios', 'reason': 'appleviolence', 'text': ""This message couldn't be displayed on your device.""}]",0.0,,813,
41,Message,2020-08-28 22:42:10+00:00,,0.0,[],1,,0.0,"{'_': 'MessageFwdHeader', 'date': datetime.datetime(2020, 8, 19, 5, 49, 1, tzinfo=datetime.timezone.utc), 'from_id': {'_': 'PeerChannel', 'channel_id': 1177971611}, 'from_name': None, 'channel_post': 448, 'post_author': None, 'saved_from_peer': None, 'saved_from_msg_id': None, 'psa_type': None}",,6.0,0.0,"{'_': 'MessageMediaPhoto', 'photo': {'_': 'Photo', 'id': 5035527638059427962, 'access_hash': -5664138349716676335, 'file_reference': b'\x02FS\xe8\xcd\x00\x00\x00\x06_\xfe\x9b\xfd\xfdV\xb4U\x84\x1d/\x7f\x99\xcca\xfe\xd9i\xb0\xae', 'date': datetime.datetime(2020, 8, 18, 20, 34, 13, tzinfo=datetime.timezone.utc), 'sizes': [{'_': 'PhotoStrippedSize', 'type': 'i', 'bytes': b'\x01&(\xa7E\x14\x8cp3Y\x9d`zRoN\xed\x8ac\xef\xc74\xbeZ\x91\xde\x9d\x88\xbb{\x0e\xf3#\xfe\xf7\xe9E0\xc1\xe8h\xa3@\xbc\xfb\x12\xd2p\x0eOjZB21H\xb2&m\xe4\xe7#\x15""}\xd1\x9ab\xa7\xcd\xcfj\x96\x9b"")\xee\xc2\x8a(\xa4h\x14QE\x00&1KE\x14\x00QE\x14\x01'}, {'_': 'PhotoSize', 'type': 'm', 'location': {'_': 'FileLocationToBeDeprecated', 'volume_id': 100009100362, 'local_id': 83881}, 'w': 320, 'h': 306, 'size': 13747}, {'_': 'PhotoSize', 'type': 'x', 'location': {'_': 'FileLocationToBeDeprecated', 'volume_id': 100009100362, 'local_id': 83882}, 'w': 800, 'h': 766, 'size': 64040}, {'_': 'PhotoSize', 'type': 'y', 'location': {'_': 'FileLocationToBeDeprecated', 'volume_id': 100009100362, 'local_id': 83880}, 'w': 1080, 'h': 1034, 'size': 79276}], 'dc_id': 1, 'has_stickers': False, 'video_sizes': []}, 'ttl_seconds': None}",0.0,0.0,,0.0,"{'_': 'PeerChannel', 'channel_id': 1179904205}",0.0,1.0,,,,,[],0.0,,848,
42,Message,2020-08-28 06:10:11+00:00,,0.0,[],5,,0.0,,,5.0,0.0,,0.0,0.0,If my Twitter is banned I will publish the new one here,0.0,"{'_': 'PeerChannel', 'channel_id': 1179904205}",0.0,1.0,,,,,[],0.0,,3464,
43,Message,2020-08-28 03:39:32+00:00,,0.0,[],23,,0.0,,,4.0,0.0,"{'_': 'MessageMediaPhoto', 'photo': {'_': 'Photo', 'id': 5062382311919692079, 'access_hash': 7612670356082212296, 'file_reference': b'\x02FS\xe8\xcd\x00\x00\x00\x04_\xfe\x9b\xfdU\xcb\xa3\x84.\n19d\xda\xc2y\xe4(\xb5\xb8', 'date': datetime.datetime(2020, 8, 28, 3, 39, 32, tzinfo=datetime.timezone.utc), 'sizes': [{'_': 'PhotoStrippedSize', 'type': 'i', 'bytes': b""\x01\x1c(\xa4\x90\xccP\x14\x85\x88=\xf6\x13\x9aSorF<\x97\xc1\xff\x00\xa6g\xfc+f\xcc9\xb5\x89\xb7\xe16\x0e1V\x07_\xbeO\xe5N\xe29\xcf\xb2\\\x7f\xcf\x19?\xef\x83K\xf69\xf1\xfe\xa9\xff\x00\xef\x83\xfe\x15\xd2\x0e;\xb7\xe5J\x0f\xd6\x8b\x81\xcc\x1bi\xc0$\xc3 \x03\xb9CEt\x93\xf3o'\xfb\xa7\xf9Q@\x11\xdasc\x0f\xfb\x82\xa5\xda}O\xe7\\\xf2\\\xce\xaa\x15fp\x07\x00\x03G\xda\xee\x7f\xe7\xbc\x9f\xf7\xd5\x16\x03\xa1\xda}[\xf3\xa5\x03\xeb\xf9\xd7:n\xee\x7f\xe7\xbc\x9f\xf7\xd5'\xdb.\x7f\xe7\xbc\x9f\xf7\xd5\x16\x0b\x9d\x0c\xc3\x16\xf2u\xfb\xa7\xbf\xb5\x15\xce\x9b\xbb\x86\x1bL\xf2\x10x\xebE ?""}, {'_': 'PhotoSize', 'type': 'm', 'location': {'_': 'FileLocationToBeDeprecated', 'volume_id': 806528921, 'local_id': 150291}, 'w': 320, 'h': 222, 'size': 16046}, {'_': 'PhotoSize', 'type': 'x', 'location': {'_': 'FileLocationToBeDeprecated', 'volume_id': 806528921, 'local_id': 150292}, 'w': 800, 'h': 556, 'size': 55172}, {'_': 'PhotoSize', 'type': 'y', 'location': {'_': 'FileLocationToBeDeprecated', 'volume_id': 806528921, 'local_id': 150289}, 'w': 907, 'h': 630, 'size': 63944}], 'dc_id': 1, 'has_stickers': False, 'video_sizes': []}, 'ttl_seconds': None}",0.0,0.0,They're reporting me more than ever on Twitter so you can find my new posts that won't violate the Twitter ToS here on Telegram,0.0,"{'_': 'PeerChannel', 'channel_id': 1179904205}",0.0,1.0,,,,,[],0.0,,4026,
44,Message,2020-08-28 03:35:46+00:00,,0.0,[],28,,0.0,,,3.0,0.0,,0.0,0.0,"White people,

If you're legally able to, get yourself a reliable firearms and carry it everywhere you go.

If someone tries to threaten your physical safety or the safety of your loves ones, make them fucking regret it.

Law enforcement isn't looking out for you anymore.",0.0,"{'_': 'PeerChannel', 'channel_id': 1179904205}",0.0,1.0,,,,,[],0.0,,4902,
45,MessageService,2020-08-28 03:27:10+00:00,,,,,,,,,1.0,0.0,,0.0,0.0,,0.0,"{'_': 'PeerChannel', 'channel_id': 1179904205}",,1.0,,,,,,0.0,,,"{'_': 'MessageActionChannelCreate', 'title': 'Racial Consciousness'}"
